Player,Nation,Pos,Squad,Comp,Age,Born,90s,Cmp,Att,Cmp%,TotDist,PrgDist,Cmp,Att,Cmp%,Cmp,Att,Cmp%,Cmp,Att,Cmp%,Ast,xA,A-xA,KP,1/3,PPA,CrsPA,Prog,Matches
Gavi Paez,es ESP,"MF,FW",Barcelona,La Liga,16,2004,25.7,1115,1270,87.8,17381,3422,643,683,94.1,358,407,88,89,123,72.4,5,3.1,+1.9,18,116,28,4,75,Matches
Mohamed Ali Cho,fr FRA,FW,Angers,Ligue 1,17,2004,20.4,228,322,70.8,3214,599,141,173,81.5,61,84,72.6,11,29,37.9,1,2.5,-1.5,14,12,10,5,16,Matches
Florian Wirtz,de GER,"MF,FW",Leverkusen,Bundesliga,18,2003,20.6,681,910,74.8,12105,3546,329,398,82.7,255,320,79.7,86,159,54.1,10,7.6,+2.4,56,63,48,3,102,Matches
Jude Bellingham,eng ENG,MF,Dortmund,Bundesliga,18,2003,31,1298,1536,84.5,22817,5208,597,675,88.4,541,604,89.6,133,194,68.6,8,4.6,+3.4,34,113,36,2,138,Matches
Jamal Musiala,de GER,"MF,FW",Bayern Munich,Bundesliga,18,2003,16.3,616,739,83.4,9782,2370,328,380,86.3,232,268,86.6,46,57,80.7,5,4.4,+0.6,28,61,30,0,83,Matches
Malo Gusto,fr FRA,DF,Lyon,Ligue 1,18,2003,20.9,1301,1495,87,21284,6072,663,725,91.4,518,571,90.7,97,147,66,4,4.3,-0.3,24,56,23,15,77,Matches
Yeremi Pino,es ESP,"MF,FW",Villarreal,La Liga,18,2002,18.6,432,542,79.7,6406,1487,249,299,83.3,146,172,84.9,19,29,65.5,4,3.2,+0.8,22,9,30,8,47,Matches
Valentino Livramento,eng ENG,DF,Southampton,Premier League,18,2002,24.5,883,1155,76.5,14457,5498,486,546,89,318,427,74.5,70,140,50,1,2.3,-1.3,19,40,24,10,80,Matches
Bukayo Saka,eng ENG,"FW,MF",Arsenal,Premier League,19,2001,33.1,892,1184,75.3,13502,3277,514,604,85.1,293,376,77.9,58,126,46,7,6.9,+0.1,65,36,32,7,73,Matches
Michael Olise,fr FRA,"FW,MF",Crystal Palace,Premier League,19,2001,12.7,464,640,72.5,8506,2476,215,255,84.3,185,243,76.1,58,119,48.7,5,3.4,+1.6,24,29,27,8,65,Matches
Georginio Rutter,fr FRA,"FW,MF",Hoffenheim,Bundesliga,19,2002,17.9,211,330,63.9,3335,829,110,155,71,63,90,70,23,44,52.3,2,3,-1,8,18,16,4,25,Matches
Quentin Merlin,fr FRA,DF,Nantes,Ligue 1,19,2002,21.4,1034,1357,76.2,19715,8580,463,524,88.4,408,495,82.4,153,290,52.8,3,2.7,+0.3,31,104,27,13,126,Matches
João Pedro,br BRA,"FW,MF",Watford,Premier League,19,2001,18.3,397,576,68.9,6697,1733,213,292,72.9,120,170,70.6,47,71,66.2,1,2.6,-1.6,17,41,21,4,56,Matches
Nicolò Rovella,it ITA,MF,Genoa,Serie A,19,2001,16.3,762,957,79.6,15749,3943,305,325,93.8,297,340,87.4,150,269,55.8,3,2.4,+0.6,32,58,10,1,54,Matches
Nuno Mendes,pt POR,DF,Paris S-G,Ligue 1,19,2002,18.4,992,1133,87.6,15986,4075,533,579,92.1,362,408,88.7,78,103,75.7,1,2.3,-1.3,17,56,12,5,49,Matches
Dominik Szoboszlai,hu HUN,"MF,FW",RB Leipzig,Bundesliga,20,2000,17.1,760,985,77.2,12795,3666,392,466,84.1,245,304,80.6,92,155,59.4,8,5.1,+2.9,42,48,37,12,70,Matches
Jeremie Frimpong,nl NED,DF,Leverkusen,Bundesliga,20,2000,22.8,986,1209,81.6,16037,4909,499,553,90.2,402,473,85,69,129,53.5,6,4.1,+1.9,27,37,25,10,62,Matches
Alphonso Davies,ca CAN,DF,Bayern Munich,Bundesliga,20,2000,19.3,1123,1335,84.1,18799,5254,538,609,88.3,497,574,86.6,74,112,66.1,3,4,-1,33,52,41,16,102,Matches
Patrick Wimmer,at AUT,"FW,MF",Arminia,Bundesliga,20,2001,22.8,423,753,56.2,7753,3330,187,279,67,164,262,62.6,60,146,41.1,6,3.8,+2.2,40,53,21,4,77,Matches
David Pereira da Costa,pt POR,"MF,FW",Lens,Ligue 1,20,2001,16.3,665,798,83.3,10272,2652,363,402,90.3,237,269,88.1,46,86,53.5,5,3.6,+1.4,40,59,27,5,71,Matches
Anthony Gordon,eng ENG,"MF,FW",Everton,Premier League,20,2001,25.4,503,754,66.7,8074,2353,271,340,79.7,165,220,75,45,132,34.1,2,3.3,-1.3,34,23,22,10,55,Matches
Martinelli,br BRA,"FW,MF",Arsenal,Premier League,20,2001,20.7,453,612,74,7430,1415,228,272,83.8,174,218,79.8,39,83,47,6,3.3,+2.7,34,11,16,5,31,Matches
Sergiño Dest,us USA,"DF,FW",Barcelona,La Liga,20,2000,16.8,880,1000,88,13944,4131,470,497,94.6,358,403,88.8,44,72,61.1,3,2.8,+0.2,19,59,17,4,69,Matches
Takefusa Kubo,jp JPN,"FW,MF",Mallorca,La Liga,20,2001,17.8,363,516,70.3,5885,2113,193,243,79.4,120,169,71,38,67,56.7,0,2.6,-2.6,31,29,26,7,63,Matches
Khéphren Thuram-Ulie,fr FRA,MF,Nice,Ligue 1,20,2001,21.1,990,1141,86.8,18308,3879,391,431,90.7,463,505,91.7,116,158,73.4,2,2.6,-0.6,22,96,18,1,86,Matches
Melvin Bard,fr FRA,DF,Nice,Ligue 1,20,2000,28.8,1519,1866,81.4,26756,10217,688,760,90.5,663,788,84.1,143,247,57.9,2,2.4,-0.4,23,112,27,14,139,Matches
Wilfried Singo,ci CIV,DF,Torino,Serie A,20,2000,29,1079,1403,76.9,19351,6822,473,542,87.3,487,608,80.1,102,186,54.8,4,2.4,+1.6,24,53,37,15,99,Matches
Callum Hudson-Odoi,eng ENG,"FW,MF",Chelsea,Premier League,20,2000,10.7,313,393,79.6,4959,1083,173,201,86.1,108,132,81.8,22,41,53.7,2,2.3,-0.3,24,9,20,5,31,Matches
Vinicius Júnior,br BRA,FW,Real Madrid,La Liga,21,2000,29.9,1090,1299,83.9,16332,3618,676,755,89.5,321,372,86.3,64,92,69.6,10,7.8,+2.2,69,35,67,8,111,Matches
Amine Gouiri,fr FRA,"FW,MF",Nice,Ligue 1,21,2000,30.6,816,1049,77.8,13579,3125,434,508,85.4,263,316,83.2,93,157,59.2,9,6.8,+2.2,53,58,40,7,75,Matches
Phil Foden,eng ENG,FW,Manchester City,Premier League,21,2000,23.6,884,1096,80.7,14428,3061,502,553,90.8,285,339,84.1,80,153,52.3,5,6.6,-1.6,40,50,40,10,76,Matches
Erling Haaland,no NOR,FW,Dortmund,Bundesliga,21,2000,21.2,339,473,71.7,4178,830,211,277,76.2,83,119,69.7,9,15,60,8,5.7,+2.3,24,13,20,0,36,Matches
Reece James,eng ENG,DF,Chelsea,Premier League,21,1999,20.7,1442,1667,86.5,24467,6328,717,768,93.4,571,646,88.4,133,192,69.3,9,5.7,+3.3,47,74,49,13,120,Matches
Yacine Adli,fr FRA,"MF,FW",Bordeaux,Ligue 1,21,2000,25.1,910,1237,73.6,19345,6364,360,426,84.5,352,432,81.5,188,331,56.8,7,5.5,+1.5,57,112,39,4,148,Matches
Jesper Lindstrøm,dk DEN,"FW,MF",Eint Frankfurt,Bundesliga,21,2000,22,423,608,69.6,6797,1792,224,279,80.3,140,201,69.7,39,78,50,4,5.4,-1.4,44,23,18,5,40,Matches
Dwight McNeil,eng ENG,MF,Burnley,Premier League,21,1999,34.5,798,1150,69.4,15776,4702,345,404,85.4,289,365,79.2,142,299,47.5,1,4.8,-3.8,47,64,48,26,71,Matches
Jadon Sancho,eng ENG,"FW,MF",Manchester Utd,Premier League,21,2000,21.1,810,982,82.5,11532,2687,500,576,86.8,256,308,83.1,32,49,65.3,3,4.2,-1.2,41,27,36,6,72,Matches
Sofiane Diop,fr FRA,"MF,FW",Monaco,Ligue 1,21,2000,21.6,725,981,73.9,13025,3688,350,419,83.5,258,323,79.9,95,175,54.3,4,4.1,-0.1,36,57,40,7,105,Matches
Sandro Tonali,it ITA,MF,Milan,Serie A,21,2000,28.9,1208,1481,81.6,24961,6797,441,488,90.4,501,563,89,239,380,62.9,2,4,-2,44,113,26,7,104,Matches
Raoul Bellanova,it ITA,DF,Cagliari,Serie A,21,2000,27.7,678,940,72.1,12758,3230,290,362,80.1,287,376,76.3,93,167,55.7,2,3.8,-1.8,32,30,28,19,49,Matches
Giacomo Raspadori,it ITA,"MF,FW",Sassuolo,Serie A,21,2000,30.4,845,1076,78.5,14659,2484,434,490,88.6,289,351,82.3,102,171,59.6,4,3.8,+0.2,46,37,35,2,71,Matches
João Félix,pt POR,"FW,MF",Atlético Madrid,La Liga,21,1999,14,342,460,74.3,5562,1686,204,235,86.8,91,126,72.2,37,70,52.9,4,3.7,+0.3,19,37,26,3,42,Matches
Bryan Mbeumo,fr FRA,FW,Brentford,Premier League,21,1999,32.3,544,814,66.8,8912,1866,302,381,79.3,164,245,66.9,58,118,49.2,7,3.6,+3.4,36,25,26,5,49,Matches
Timothy Weah,us USA,"MF,FW",Lille,Ligue 1,21,2000,18,411,556,73.9,6226,1622,250,292,85.6,127,179,70.9,26,47,55.3,4,3.6,+0.4,29,19,20,8,39,Matches
Davide Frattesi,it ITA,MF,Sassuolo,Serie A,21,1999,31.7,1059,1265,83.7,18401,4309,527,597,88.3,406,471,86.2,107,141,75.9,3,3.5,-0.5,26,85,24,4,110,Matches
Conor Gallagher,eng ENG,MF,Crystal Palace,Premier League,21,2000,31.6,890,1167,76.3,16238,4060,407,468,87,339,418,81.1,118,223,52.9,3,3.5,-0.5,35,77,22,9,62,Matches
Dejan Kulusevski,se SWE,"MF,FW",Tottenham,Premier League,21,2000,14,389,464,83.8,5908,1278,225,243,92.6,139,164,84.8,18,30,60,8,3.5,+4.5,26,19,24,7,37,Matches
Christoph Baumgartner,at AUT,"MF,FW",Hoffenheim,Bundesliga,21,1999,21,542,753,72,9417,2514,251,314,79.9,209,275,76,64,115,55.7,2,3.2,-1.2,20,44,23,6,69,Matches
Jonathan Burkardt,de GER,"FW,MF",Mainz 05,Bundesliga,21,2000,29,423,603,70.1,6654,1420,219,286,76.6,153,210,72.9,30,50,60,3,3.2,-0.2,31,36,22,3,54,Matches
Jonathan David,ca CAN,FW,Lille,Ligue 1,21,2000,31.2,527,668,78.9,7753,1674,295,353,83.6,176,217,81.1,31,43,72.1,0,3.2,-3.2,33,39,22,4,54,Matches
Hamed Junior Traorè,ci CIV,"FW,MF",Sassuolo,Serie A,21,2000,19.7,644,822,78.3,11380,3349,318,362,87.8,251,298,84.2,66,122,54.1,2,3.2,-1.2,35,62,35,4,94,Matches
Cheick Doucouré,ml MLI,MF,Lens,Ligue 1,21,2000,32.7,1699,1940,87.6,31828,7814,702,777,90.3,776,858,90.4,200,254,78.7,4,3.1,+0.9,38,187,25,0,205,Matches
Ismail Jakobs,de GER,"DF,FW",Monaco,Ligue 1,21,1999,13.4,650,914,71.1,11053,4210,337,382,88.2,254,343,74.1,53,150,35.3,1,3.1,-2.1,17,45,29,16,77,Matches
Alexander Isak,se SWE,FW,Real Sociedad,La Liga,21,1999,23.8,332,455,73,4761,948,201,247,81.4,96,129,74.4,19,33,57.6,2,3,-1,19,23,21,2,39,Matches
Ferrán Torres,es ESP,FW,Barcelona,La Liga,21,2000,15.7,495,587,84.3,7698,1563,285,321,88.8,163,189,86.2,35,48,72.9,4,3,+1.0,12,33,10,1,43,Matches
Ryan Sessegnon,eng ENG,DF,Tottenham,Premier League,21,2000,11.6,315,424,74.3,5397,1473,157,186,84.4,123,158,77.8,33,57,57.9,2,2.9,-0.9,15,12,15,6,35,Matches
Hicham Boudaoui,dz ALG,MF,Nice,Ligue 1,21,1999,18,504,662,76.1,7652,1684,282,334,84.4,174,221,78.7,30,63,47.6,2,2.8,-0.8,15,35,16,8,39,Matches
Oihan Sancet,es ESP,FW,Athletic Club,La Liga,21,2000,15.8,356,461,77.2,5487,1214,194,230,84.3,115,156,73.7,25,39,64.1,4,2.8,+1.2,24,33,23,2,45,Matches
Aurélien Tchouaméni,fr FRA,MF,Monaco,Ligue 1,21,2000,32.5,1797,2078,86.5,35727,9076,677,752,90,823,920,89.5,279,356,78.4,2,2.8,-0.8,22,169,34,6,189,Matches
Brahim Díaz,es ESP,MF,Milan,Serie A,21,1999,20.6,616,730,84.4,9930,2248,319,363,87.9,228,260,87.7,45,71,63.4,3,2.5,+0.5,31,56,29,3,67,Matches
Enzo Le Fée,fr FRA,"MF,FW",Lorient,Ligue 1,21,2000,24.4,956,1213,78.8,18190,5421,456,508,89.8,322,399,80.7,150,250,60,3,2.3,+0.7,49,87,22,9,101,Matches
Kylian Mbappé,fr FRA,FW,Paris S-G,Ligue 1,22,1998,33.6,1164,1452,80.2,17294,3420,717,829,86.5,307,379,81,84,137,61.3,18,12.4,+5.6,70,63,60,14,85,Matches
Trent Alexander-Arnold,eng ENG,DF,Liverpool,Premier League,22,1998,31.7,2013,2706,74.4,44509,18154,727,826,88,813,1010,80.5,451,786,57.4,12,11.2,+0.8,89,231,89,26,278,Matches
Moussa Diaby,fr FRA,"FW,MF",Leverkusen,Bundesliga,22,1999,30.7,759,1017,74.6,13598,3660,358,438,81.7,296,368,80.4,92,151,60.9,12,9.1,+2.9,61,55,61,18,104,Matches
Martin Ødegaard,no NOR,MF,Arsenal,Premier League,22,1998,30.9,1355,1598,84.8,23571,5463,668,740,90.3,496,562,88.3,153,223,68.6,4,6.8,-2.8,76,100,65,4,158,Matches
Mason Mount,eng ENG,"MF,FW",Chelsea,Premier League,22,1999,26.3,991,1272,77.9,15394,4619,552,616,89.6,313,394,79.4,80,174,46,10,6.7,+3.3,58,65,54,10,122,Matches
Rafael Leão,pt POR,FW,Milan,Serie A,22,1999,28.9,579,805,71.9,10387,3224,279,349,79.9,213,286,74.5,78,113,69,10,6.3,+3.7,45,55,51,9,119,Matches
Nedim Bajrami,al ALB,"MF,FW",Empoli,Serie A,22,1999,22.8,628,884,71,10783,3484,334,382,87.4,207,273,75.8,74,176,42,5,5.2,-0.2,55,41,47,10,90,Matches
Achraf Hakimi,ma MAR,DF,Paris S-G,Ligue 1,22,1998,27.5,1638,1834,89.3,24559,6938,935,1006,92.9,598,665,89.9,72,93,77.4,6,4.7,+1.3,29,65,39,13,98,Matches
Randal Kolo Muani,fr FRA,"FW,MF",Nantes,Ligue 1,22,1998,32.8,403,601,67.1,5476,1028,251,326,77,117,186,62.9,15,34,44.1,4,4.5,-0.5,38,15,15,6,26,Matches
Musa Barrow,gm GAM,"FW,MF",Bologna,Serie A,22,1998,23.7,714,939,76,12879,3087,371,415,89.4,225,292,77.1,101,197,51.3,6,4.4,+1.6,44,49,44,12,68,Matches
Samuel Chukwueze,ng NGA,"MF,FW",Villarreal,La Liga,22,1999,14.8,344,473,72.7,5823,1244,173,217,79.7,132,170,77.6,31,57,54.4,3,4.4,-1.4,27,7,25,3,41,Matches
Justin Kluivert,nl NED,MF,Nice,Ligue 1,22,1999,20.8,450,699,64.4,8441,2549,216,259,83.4,157,225,69.8,64,171,37.4,5,4.4,+0.6,36,27,24,13,47,Matches
Armand Lauriente,fr FRA,"FW,MF",Lorient,Ligue 1,22,1998,27.5,564,722,78.1,9066,2231,298,349,85.4,204,252,81,44,73,60.3,2,4.4,-2.4,41,37,32,14,62,Matches
Terem Moffi,ng NGA,FW,Lorient,Ligue 1,22,1999,30.1,423,568,74.5,6370,1283,256,310,82.6,106,152,69.7,38,58,65.5,4,4.2,-0.2,34,30,17,4,40,Matches
Donyell Malen,nl NED,FW,Dortmund,Bundesliga,22,1999,18.7,401,541,74.1,5551,1375,237,302,78.5,116,161,72,19,31,61.3,3,3.6,-0.6,18,18,18,5,37,Matches
Alexis Saelemaekers,be BEL,FW,Milan,Serie A,22,1999,20.7,686,867,79.1,10344,2486,390,452,86.3,220,271,81.2,48,84,57.1,3,3.6,-0.6,36,39,26,9,67,Matches
Mattéo Guendouzi,fr FRA,MF,Marseille,Ligue 1,22,1999,35,1901,2175,87.4,35967,8844,779,852,91.4,832,916,90.8,257,323,79.6,6,3.5,+2.5,36,220,53,4,219,Matches
Mattias Svanberg,se SWE,MF,Bologna,Serie A,22,1999,28.5,787,1063,74,13835,4215,405,457,88.6,253,334,75.7,104,208,50,3,3.4,-0.4,35,73,28,7,84,Matches
Anton Stach,de GER,MF,Mainz 05,Bundesliga,22,1998,20.7,706,964,73.2,12789,4142,339,418,81.1,257,335,76.7,93,162,57.4,6,3.3,+2.7,27,68,18,4,85,Matches
Arne Maier,de GER,MF,Augsburg,Bundesliga,22,1999,20.7,610,842,72.4,12227,3522,241,295,81.7,240,296,81.1,111,204,54.4,6,3.2,+2.8,28,52,21,4,60,Matches
Kiernan Dewsbury Hall,eng ENG,MF,Leicester City,Premier League,22,1998,23.4,941,1220,77.1,15939,4069,461,530,87,374,466,80.3,85,171,49.7,3,3,0,34,95,27,4,98,Matches
Youssouf Fofana,fr FRA,MF,Monaco,Ligue 1,22,1999,24.3,920,1198,76.8,17147,4711,395,470,84,392,478,82,115,205,56.1,4,2.6,+1.4,21,123,26,2,134,Matches
Nicolò Zaniolo,it ITA,FW,Roma,Serie A,22,1999,21.9,395,553,71.4,7218,1678,192,230,83.5,140,185,75.7,53,91,58.2,1,2.6,-1.6,25,31,23,2,53,Matches
Gianluca Scamacca,it ITA,FW,Sassuolo,Serie A,22,1999,23.8,421,564,74.6,6698,1093,251,313,80.2,112,159,70.4,43,59,72.9,0,2.5,-2.5,26,26,13,1,32,Matches
Ruben Vargas,ch SUI,"MF,FW",Augsburg,Bundesliga,22,1998,22,409,582,70.3,7720,1962,175,220,79.5,162,218,74.3,60,94,63.8,3,2.5,+0.5,24,35,27,12,52,Matches
Calvin Stengs,nl NED,MF,Nice,Ligue 1,22,1998,11.9,307,422,72.7,5427,1995,155,191,81.2,99,135,73.3,46,76,60.5,1,2.4,-1.4,24,36,17,5,40,Matches
Jonas Wind,dk DEN,"FW,MF",Wolfsburg,Bundesliga,22,1999,13.1,249,366,68,3980,1290,130,175,74.3,92,131,70.2,19,36,52.8,1,2.4,-1.4,14,34,12,1,36,Matches
Osman Bukari,gh GHA,"FW,MF",Nantes,Ligue 1,22,1998,11.2,239,319,74.9,3352,755,143,171,83.6,76,100,76,9,26,34.6,4,2.3,+1.7,20,9,7,4,16,Matches
Andrea Pinamonti,it ITA,FW,Empoli,Serie A,22,1999,31.9,403,653,61.7,5687,1268,249,347,71.8,121,201,60.2,20,40,50,2,2.3,-0.3,25,19,18,3,37,Matches
David Raum,de GER,DF,Hoffenheim,Bundesliga,23,1998,30.6,1476,1988,74.2,28136,11573,643,745,86.3,591,719,82.2,222,433,51.3,11,10.1,+0.9,80,92,75,54,153,Matches
Christopher Nkunku,fr FRA,"FW,MF",RB Leipzig,Bundesliga,23,1997,30.3,842,1051,80.1,13003,3356,488,554,88.1,257,318,80.8,67,110,60.9,13,10,+3.0,63,52,58,8,108,Matches
Theo Hernández,fr FRA,DF,Milan,Serie A,23,1997,30.1,1420,1748,81.2,25852,9249,676,755,89.5,559,655,85.3,160,268,59.7,5,6.4,-1.4,50,87,36,15,123,Matches
Lucas Paquetá,br BRA,"MF,FW",Lyon,Ligue 1,23,1997,30,1275,1599,79.7,19669,5465,707,813,87,382,472,80.9,116,185,62.7,6,5.9,+0.1,43,123,34,2,140,Matches
Borna Sosa,hr CRO,DF,Stuttgart,Bundesliga,23,1998,27.8,1311,1786,73.4,24007,10380,612,703,87.1,514,670,76.7,169,353,47.9,8,5.9,+2.1,61,96,58,29,174,Matches
Federico Dimarco,it ITA,DF,Inter,Serie A,23,1997,15.9,996,1212,82.2,19035,6795,458,478,95.8,359,414,86.7,151,259,58.3,3,5.2,-2.2,50,73,29,16,85,Matches
Houssem Aouar,fr FRA,"MF,FW",Lyon,Ligue 1,23,1998,27.8,1274,1460,87.3,20266,4917,703,764,92,430,485,88.7,105,143,73.4,4,5.1,-1.1,35,121,34,2,127,Matches
Josip Brekalo,hr CRO,"FW,MF",Torino,Serie A,23,1998,25.4,846,1179,71.8,15781,3693,371,458,81,322,409,78.7,126,232,54.3,2,5.1,-3.1,56,48,34,9,82,Matches
Lovro Majer,hr CRO,MF,Rennes,Ligue 1,23,1998,20.4,820,1068,76.8,14812,3751,379,435,87.1,313,390,80.3,107,192,55.7,8,5.1,+2.9,42,75,28,6,73,Matches
Teun Koopmeiners,nl NED,MF,Atalanta,Serie A,23,1998,23.6,1185,1482,80,23746,7434,453,514,88.1,514,588,87.4,181,315,57.5,1,4.9,-3.9,45,119,36,12,124,Matches
Ridle Baku,de GER,"DF,FW",Wolfsburg,Bundesliga,23,1998,27.2,1019,1328,76.7,19386,6843,420,498,84.3,453,565,80.2,136,224,60.7,5,4.8,+0.2,39,67,35,13,120,Matches
Mohamed Bayo,gn GUI,FW,Clermont Foot,Ligue 1,23,1998,26.8,398,544,73.2,6098,1090,205,273,75.1,147,187,78.6,27,38,71.1,5,4.8,+0.2,33,36,14,0,43,Matches
Ibrahima Sissoko,fr FRA,"MF,DF",Strasbourg,Ligue 1,23,1997,25.6,854,1059,80.6,15903,4750,365,427,85.5,362,412,87.9,108,167,64.7,5,4.2,+0.8,26,76,22,4,91,Matches
Harvey Barnes,eng ENG,"FW,MF",Leicester City,Premier League,23,1997,23.3,557,751,74.2,8019,2337,336,405,83,179,245,73.1,24,53,45.3,10,4,+6.0,29,28,28,2,74,Matches
Nicolás González,ar ARG,FW,Fiorentina,Serie A,23,1998,26.2,704,940,74.9,13869,2865,285,373,76.4,295,372,79.3,113,149,75.8,6,3.8,+2.2,38,45,40,12,83,Matches
Bruno Guimarães,br BRA,MF,Lyon,Ligue 1,23,1997,18.2,1178,1352,87.1,22986,5545,488,528,92.4,482,535,90.1,184,249,73.9,3,3.8,-0.8,33,149,32,2,143,Matches
Nahuel Molina,ar ARG,DF,Udinese,Serie A,23,1997,29.3,877,1236,71,15196,6560,437,519,84.2,327,456,71.7,94,215,43.7,2,3.7,-1.7,38,64,48,20,108,Matches
Tammy Abraham,eng ENG,FW,Roma,Serie A,23,1997,34.3,500,694,72,7714,1755,298,391,76.2,139,201,69.2,44,55,80,4,3.6,+0.4,35,37,28,4,61,Matches
Chris Führich,de GER,"MF,FW",Stuttgart,Bundesliga,23,1998,19,554,698,79.4,9171,2907,285,328,86.9,197,237,83.1,51,95,53.7,2,3.6,-1.6,34,46,33,8,58,Matches
Dejan Ljubicic,at AUT,"MF,FW",Köln,Bundesliga,23,1997,21.9,516,730,70.7,9175,2661,231,286,80.8,201,278,72.3,64,103,62.1,1,3.5,-2.5,35,37,32,11,67,Matches
Lautaro Martínez,ar ARG,FW,Inter,Serie A,23,1997,25.4,398,532,74.8,5890,1260,230,277,83,107,151,70.9,33,50,66,3,3.5,-0.5,29,21,22,4,39,Matches
Ludovic Blas,fr FRA,"MF,FW",Nantes,Ligue 1,23,1997,32.9,837,1052,79.6,17700,3921,297,357,83.2,372,438,84.9,154,207,74.4,5,3.4,+1.6,35,107,31,7,93,Matches
Ilan Kebbal,dz ALG,"MF,FW",Reims,Ligue 1,23,1998,19.7,623,840,74.2,10651,3759,305,378,80.7,220,276,79.7,72,124,58.1,4,3.4,+0.6,34,69,42,6,99,Matches
Romain Faivre,fr FRA,MF,Brest,Ligue 1,23,1998,19.9,667,860,77.6,11459,3916,331,385,86,222,273,81.3,87,152,57.2,5,3.3,+1.7,35,61,28,5,87,Matches
Renato Sanches,pt POR,MF,Lille,Ligue 1,23,1997,18.3,995,1211,82.2,21504,6078,358,401,89.3,401,466,86.1,215,298,72.1,5,3.3,+1.7,38,140,32,7,138,Matches
Emmanuel Dennis,ng NGA,"FW,MF",Watford,Premier League,23,1997,28.7,431,633,68.1,6406,1891,255,329,77.5,125,180,69.4,32,56,57.1,6,3.2,+2.8,33,22,21,5,60,Matches
Arnaud Nordin,fr FRA,"FW,MF",Saint-Étienne,Ligue 1,23,1998,20.8,448,595,75.3,7300,1642,232,276,84.1,161,205,78.5,35,71,49.3,4,3.2,+0.8,22,20,16,6,40,Matches
Javairô Dilrosun,nl NED,"MF,FW",Bordeaux,Ligue 1,23,1998,19.2,447,602,74.3,7847,2381,234,267,87.6,137,182,75.3,61,110,55.5,6,3.1,+2.9,30,38,23,2,58,Matches
Stephy Mavididi,eng ENG,"FW,MF",Montpellier,Ligue 1,23,1998,25.5,454,576,78.8,6133,1291,285,337,84.6,121,154,78.6,20,29,69,3,3.1,-0.1,23,10,18,6,25,Matches
Maxime Lopez,fr FRA,MF,Sassuolo,Serie A,23,1997,32.6,2357,2570,91.7,40932,12376,1096,1164,94.2,1001,1066,93.9,216,268,80.6,1,2.9,-1.9,48,223,16,3,205,Matches
Pol Lirola,es ESP,"DF,MF",Marseille,Ligue 1,23,1997,19.7,913,1126,81.1,15252,4043,469,533,88,347,409,84.8,84,134,62.7,2,2.8,-0.8,24,57,32,17,62,Matches
Giulio Maggiore,it ITA,MF,Spezia,Serie A,23,1998,31.3,861,1139,75.6,15435,4464,392,477,82.2,362,434,83.4,89,176,50.6,3,2.8,+0.2,34,77,26,1,108,Matches
Mathías Olivera,uy URU,DF,Getafe,La Liga,23,1997,31.1,1049,1445,72.6,17096,7285,571,678,84.2,371,524,70.8,81,169,47.9,3,2.8,+0.2,31,64,21,8,110,Matches
Marc Cucurella,es ESP,DF,Brighton,Premier League,23,1998,34.3,1895,2322,81.6,31827,11389,937,1032,90.8,770,894,86.1,152,281,54.1,1,2.7,-1.7,43,133,52,23,175,Matches
Dennis Johnsen,no NOR,"FW,MF",Venezia,Serie A,23,1998,16.1,195,323,60.4,3611,1137,98,144,68.1,60,92,65.2,31,55,56.4,2,2.7,-0.7,24,12,18,7,29,Matches
Jérémy Le Douaron,fr FRA,FW,Brest,Ligue 1,23,1998,16.1,205,315,65.1,2757,456,140,171,81.9,43,86,50,9,19,47.4,3,2.6,+0.4,13,8,9,5,12,Matches
Nordi Mukiele,fr FRA,DF,RB Leipzig,Bundesliga,23,1997,20.5,861,1141,75.5,15560,6209,396,466,85,343,439,78.1,108,175,61.7,3,2.6,+0.4,13,39,29,8,92,Matches
Luis Javier Suárez,co COL,FW,Granada,La Liga,23,1997,30.9,448,677,66.2,7412,1445,237,311,76.2,161,237,67.9,39,87,44.8,4,2.5,+1.5,26,26,24,9,45,Matches
Douglas Luiz,br BRA,MF,Aston Villa,Premier League,23,1998,30.2,1246,1495,83.3,23908,6485,493,549,89.8,541,613,88.3,186,289,64.4,3,2.5,+0.5,36,88,20,2,101,Matches
Ismaila Sarr,sn SEN,"FW,MF",Watford,Premier League,23,1998,20.7,330,467,70.7,5383,1369,191,239,79.9,98,135,72.6,32,59,54.2,2,2.5,-0.5,20,21,22,4,45,Matches
Jean-Ricner Bellegarde,fr FRA,MF,Strasbourg,Ligue 1,23,1998,25.9,897,1079,83.1,15874,3130,411,456,90.1,364,422,86.3,101,158,63.9,3,2.4,+0.6,23,65,22,4,79,Matches
Daniel James,wls WAL,"FW,MF",Leeds United,Premier League,23,1997,26.3,330,508,65,4978,1367,173,226,76.5,116,173,67.1,23,56,41.1,4,2.4,+1.6,23,18,20,1,49,Matches
Odsonne Édouard,fr FRA,FW,Crystal Palace,Premier League,23,1998,17.4,315,435,72.4,4447,915,206,260,79.2,89,122,73,14,21,66.7,3,2.3,+0.7,19,20,13,1,36,Matches
Sofian Kiyine,ma MAR,"MF,FW",Venezia,Serie A,23,1997,13.8,396,533,74.3,8874,2727,137,170,80.6,161,204,78.9,93,138,67.4,0,2.3,-2.3,19,39,23,0,58,Matches
Orel Mangala,be BEL,MF,Stuttgart,Bundesliga,23,1998,20.6,661,795,83.1,10918,2122,313,357,87.7,278,316,88,54,74,73,3,2.3,+0.7,29,45,11,0,44,Matches
Jon Moncayola,es ESP,MF,Osasuna,La Liga,23,1998,32.4,1089,1398,77.9,22644,5739,391,444,88.1,477,555,85.9,202,342,59.1,3,2.3,+0.7,34,105,25,8,101,Matches
Nicolò Barella,it ITA,MF,Inter,Serie A,24,1997,32.4,1544,1848,83.5,26685,8479,792,873,90.7,555,639,86.9,164,249,65.9,11,7.9,+3.1,60,148,80,18,190,Matches
Ousmane Dembélé,fr FRA,FW,Barcelona,La Liga,24,1997,15.7,609,822,74.1,10521,2965,318,366,86.9,212,280,75.7,64,130,49.2,13,7.8,+5.2,46,26,42,13,66,Matches
Raphael Dias Belloli,br BRA,"FW,MF",Leeds United,Premier League,24,1996,32.4,817,1281,63.8,15061,6139,386,471,82,281,404,69.6,117,310,37.7,3,6.8,-3.8,65,89,48,9,169,Matches
Franck Honorat,fr FRA,"MF,FW",Brest,Ligue 1,24,1996,32.2,841,1224,68.7,15204,4725,414,515,80.4,283,409,69.2,112,225,49.8,4,6.6,-2.6,65,38,48,22,89,Matches
Angeliño,es ESP,DF,RB Leipzig,Bundesliga,24,1997,25.5,1094,1508,72.5,20135,7818,518,576,89.9,393,513,76.6,153,359,42.6,5,5.9,-0.9,51,75,57,32,109,Matches
Allan Saint-Maximin,fr FRA,"FW,MF",Newcastle Utd,Premier League,24,1997,31.2,547,758,72.2,9115,2128,282,340,82.9,198,262,75.6,51,95,53.7,5,5.8,-0.8,51,45,32,9,56,Matches
Caio Henrique Oliveira Silva,br BRA,DF,Monaco,Ligue 1,24,1997,29.6,1425,1876,76,25191,9252,653,726,89.9,624,773,80.7,134,307,43.6,8,5.8,+2.2,45,86,42,9,154,Matches
Jarrod Bowen,eng ENG,FW,West Ham,Premier League,24,1996,33.1,586,862,68,10912,2894,278,345,80.6,183,245,74.7,104,206,50.5,10,5.7,+4.3,42,28,27,5,53,Matches
Emi Buendía,ar ARG,"FW,MF",Aston Villa,Premier League,24,1996,21.1,697,876,79.6,11280,3006,363,424,85.6,246,297,82.8,61,101,60.4,6,5.5,+0.5,45,63,41,3,108,Matches
Diogo Jota,pt POR,FW,Liverpool,Premier League,24,1996,26.3,568,771,73.7,9120,2092,284,357,79.6,225,280,80.4,40,69,58,4,5.5,-1.5,37,50,31,2,71,Matches
Gabriel Jesus,br BRA,FW,Manchester City,Premier League,24,1997,20.9,638,758,84.2,9337,1636,356,397,89.7,226,267,84.6,28,40,70,8,5.4,+2.6,35,18,31,6,53,Matches
Youri Tielemans,be BEL,MF,Leicester City,Premier League,24,1997,29.2,1437,1746,82.3,27111,7669,604,680,88.8,636,723,88,175,291,60.1,4,4.9,-0.9,40,164,29,6,164,Matches
James Maddison,eng ENG,"MF,FW",Leicester City,Premier League,24,1996,27.3,777,1075,72.3,14931,4401,329,392,83.9,316,387,81.7,119,249,47.8,8,4.8,+3.2,43,79,35,5,104,Matches
Breel Embolo,ch SUI,"FW,MF",M'Gladbach,Bundesliga,24,1997,24.1,430,587,73.3,6210,1483,263,333,79,114,159,71.7,32,48,66.7,3,4.7,-1.7,32,31,24,2,57,Matches
Saša Lukić,rs SRB,MF,Torino,Serie A,24,1996,33.1,1550,1772,87.5,29599,6022,595,659,90.3,704,773,91.1,221,268,82.5,4,4.5,-0.5,34,138,20,2,107,Matches
Carlos Soler,es ESP,MF,Valencia,La Liga,24,1997,27.5,680,984,69.1,13738,4730,303,350,86.6,212,280,75.7,145,313,46.3,5,4.5,+0.5,53,71,34,6,99,Matches
Cengiz Ünder,tr TUR,"FW,MF",Marseille,Ligue 1,24,1997,24.4,712,957,74.4,12773,3439,357,415,86,245,317,77.3,94,176,53.4,2,4.3,-2.3,34,30,43,10,82,Matches
Aarón Martín,es ESP,DF,Mainz 05,Bundesliga,24,1997,25.5,788,1117,70.5,15328,6256,350,398,87.9,300,376,79.8,131,308,42.5,1,4.1,-3.1,49,54,28,18,77,Matches
Anthony Caci,fr FRA,DF,Strasbourg,Ligue 1,24,1997,26.6,1293,1628,79.4,26662,10196,478,539,88.7,566,683,82.9,232,359,64.6,3,4,-1,28,113,36,17,172,Matches
Gonçalo Guedes,pt POR,"FW,MF",Valencia,La Liga,24,1996,29,582,884,65.8,10705,3813,285,375,76,198,281,70.5,86,169,50.9,6,4,+2.0,43,49,48,14,98,Matches
Sergio Reguilón,es ESP,DF,Tottenham,Premier League,24,1996,21.3,744,986,75.5,13194,4159,356,420,84.8,307,391,78.5,72,132,54.5,3,4,-1,30,32,29,20,52,Matches
Martin Terrier,fr FRA,"FW,MF",Rennes,Ligue 1,24,1997,30.9,784,979,80.1,12992,2779,414,474,87.3,248,321,77.3,90,124,72.6,3,4,-1,39,51,42,10,90,Matches
Eduard Löwen,de GER,MF,Bochum,Bundesliga,24,1997,15.7,447,678,65.9,9087,3425,193,245,78.8,148,205,72.2,92,185,49.7,2,3.9,-1.9,40,51,14,5,68,Matches
Roland Sallai,hu HUN,"MF,FW",Freiburg,Bundesliga,24,1997,17.2,335,502,66.7,5597,1921,185,249,74.3,106,143,74.1,38,66,57.6,4,3.9,+0.1,19,22,24,13,40,Matches
Brais Méndez,es ESP,MF,Celta Vigo,La Liga,24,1997,33.6,1204,1519,79.3,19935,5257,638,738,86.4,390,473,82.5,123,194,63.4,5,3.8,+1.2,35,128,40,9,130,Matches
Sasa Kalajdzic,at AUT,FW,Stuttgart,Bundesliga,24,1997,13.6,267,382,69.9,4134,840,149,188,79.3,89,131,67.9,20,37,54.1,1,3.5,-2.5,20,16,7,1,32,Matches
Simone Bastoni,it ITA,"MF,DF",Spezia,Serie A,24,1996,25.4,888,1210,73.4,16699,6849,401,460,87.2,339,418,81.1,125,266,47,3,3.4,-0.4,45,82,30,13,92,Matches
Mikel Oyarzabal,es ESP,"FW,MF",Real Sociedad,La Liga,24,1997,18.6,441,652,67.6,7679,2079,215,260,82.7,164,214,76.6,49,126,38.9,3,3.4,-0.4,39,14,23,6,38,Matches
Jorge de Frutos,es ESP,"MF,FW",Levante,La Liga,24,1997,19.6,345,509,67.8,6028,2272,182,215,84.7,109,159,68.6,43,87,49.4,7,3.3,+3.7,23,25,27,11,52,Matches
Frenkie de Jong,nl NED,MF,Barcelona,La Liga,24,1997,27.5,1511,1680,89.9,27059,6209,705,759,92.9,584,640,91.3,193,227,85,3,3.1,-0.1,40,154,36,2,150,Matches
Iago,br BRA,DF,Augsburg,Bundesliga,24,1997,24.2,813,1191,68.3,15644,7184,329,374,88,364,513,71,114,240,47.5,5,3,+2.0,33,56,39,20,96,Matches
Jean-Kevin Duverne,fr FRA,DF,Brest,Ligue 1,24,1997,33.4,1351,1791,75.4,26201,12194,580,668,86.8,546,690,79.1,202,364,55.5,3,2.9,+0.1,27,141,30,17,150,Matches
Angelo Fulgini,fr FRA,"MF,FW",Angers,Ligue 1,24,1996,32.5,1145,1401,81.7,18533,4509,539,613,87.9,434,503,86.3,97,173,56.1,4,2.9,+1.1,42,93,28,7,117,Matches
Daichi Kamada,jp JPN,"MF,FW",Eint Frankfurt,Bundesliga,24,1996,23.8,681,865,78.7,12098,2948,318,380,83.7,276,331,83.4,71,117,60.7,3,2.9,+0.1,31,69,22,1,88,Matches
Kyle Walker-Peters,eng ENG,DF,Southampton,Premier League,24,1997,29.3,1071,1359,78.8,17488,6435,556,627,88.7,420,522,80.5,77,140,55,2,2.9,-0.9,23,66,37,3,124,Matches
Andoni Gorosabel,es ESP,DF,Real Sociedad,La Liga,24,1996,25.4,1224,1465,83.5,19747,7708,655,705,92.9,471,558,84.4,78,151,51.7,4,2.8,+1.2,23,66,25,7,87,Matches
Amine Harit,ma MAR,"FW,MF",Marseille,Ligue 1,24,1997,12.9,610,697,87.5,9391,2172,357,388,92,189,209,90.4,49,72,68.1,4,2.8,+1.2,24,50,16,4,45,Matches
Maximilian Mittelstädt,de GER,"DF,FW",Hertha BSC,Bundesliga,24,1997,16.6,542,790,68.6,9724,4505,249,305,81.6,211,288,73.3,68,151,45,5,2.8,+2.2,21,41,19,11,74,Matches
Remi Oudin,fr FRA,"MF,FW",Bordeaux,Ligue 1,24,1996,19.3,441,681,64.8,8648,2645,182,231,78.8,185,252,73.4,63,158,39.9,5,2.8,+2.2,22,32,22,5,51,Matches
Kelechi Iheanacho,ng NGA,FW,Leicester City,Premier League,24,1996,14,271,352,77,3929,819,153,183,83.6,89,107,83.2,15,31,48.4,5,2.7,+2.3,17,16,14,2,32,Matches
Rolando Mandragora,it ITA,MF,Torino,Serie A,24,1997,14.7,644,765,84.2,11923,3238,277,310,89.4,283,323,87.6,75,112,67,2,2.7,-0.7,29,71,9,2,59,Matches
Junior Firpo,es ESP,DF,Leeds United,Premier League,24,1996,19,775,931,83.2,13329,4868,357,402,88.8,352,405,86.9,57,101,56.4,2,2.6,-0.6,24,60,18,7,74,Matches
Jack Harrison,eng ENG,"FW,MF",Leeds United,Premier League,24,1996,29.3,665,1019,65.3,10573,3817,378,473,79.9,211,316,66.8,55,143,38.5,1,2.6,-1.6,41,49,44,11,106,Matches
Santi Comesaña,es ESP,MF,Rayo Vallecano,La Liga,24,1996,29.8,1241,1488,83.4,23731,7137,508,591,86,525,594,88.4,175,233,75.1,2,2.5,-0.5,28,130,22,3,149,Matches
Gerson,br BRA,"MF,FW",Marseille,Ligue 1,24,1997,28.3,1182,1312,90.1,19046,3181,608,654,93,456,487,93.6,90,120,75,4,2.5,+1.5,25,72,25,6,71,Matches
Óscar Gil,es ESP,DF,Espanyol,La Liga,24,1997,18.8,626,740,84.6,10451,3233,324,355,91.3,234,266,88,56,95,58.9,2,2.5,-0.5,16,32,9,6,30,Matches
Rúben Dias,pt POR,DF,Manchester City,Premier League,24,1997,26.7,2097,2224,94.3,45031,11468,566,594,95.3,1189,1224,97.1,336,389,86.4,4,2.4,+1.6,12,182,4,0,106,Matches
Benjamin Henrichs,de GER,DF,RB Leipzig,Bundesliga,24,1997,12.7,592,738,80.2,9368,3690,297,337,88.1,250,292,85.6,30,76,39.5,3,2.4,+0.6,14,44,19,3,88,Matches
Pablo Maffeo,es ESP,DF,Mallorca,La Liga,24,1997,32.7,901,1317,68.4,15683,6809,442,513,86.2,353,488,72.3,89,262,34,4,2.4,+1.6,24,35,32,22,69,Matches
Richarlison,br BRA,"FW,MF",Everton,Premier League,24,1997,28,352,570,61.8,5326,1162,184,256,71.9,122,174,70.1,23,54,42.6,5,2.4,+2.6,26,22,11,1,34,Matches
Rodrigo Bentancur,uy URU,MF,Tottenham,Premier League,24,1997,15.1,905,1015,89.2,17316,3449,359,385,93.2,401,434,92.4,127,155,81.9,4,2.3,+1.7,15,81,7,2,68,Matches
Jack Grealish,eng ENG,FW,Manchester City,Premier League,25,1995,21.3,830,960,86.5,12113,2309,499,546,91.4,261,290,90,45,59,76.3,3,6.3,-3.3,54,25,41,3,82,Matches
Lorenzo Pellegrini,it ITA,"MF,FW",Roma,Serie A,25,1996,25.4,781,1088,71.8,15212,5200,337,399,84.5,303,383,79.1,127,256,49.6,3,6.2,-3.2,68,80,38,6,97,Matches
Răzvan Marin,ro ROU,MF,Cagliari,Serie A,25,1996,31.3,988,1270,77.8,19674,5934,388,444,87.4,392,455,86.2,185,318,58.2,5,6.1,-1.1,68,100,32,6,105,Matches
Leroy Sané,de GER,"FW,MF",Bayern Munich,Bundesliga,25,1996,22,852,1018,83.7,13140,2921,483,552,87.5,271,320,84.7,64,84,76.2,7,6,+1.0,48,59,44,4,94,Matches
Ivan Toney,eng ENG,FW,Brentford,Premier League,25,1996,32.3,458,779,58.8,6695,2319,273,395,69.1,128,234,54.7,34,74,45.9,5,5.8,-0.8,40,58,28,2,77,Matches
Pablo Fornals,es ESP,"FW,MF",West Ham,Premier League,25,1996,31.1,1036,1381,75,18935,6099,478,548,87.2,397,503,78.9,133,247,53.8,3,5.6,-2.6,47,108,53,11,162,Matches
Daniele Verde,it ITA,"FW,MF",Spezia,Serie A,25,1996,21.7,577,830,69.5,11587,3639,262,324,80.9,192,261,73.6,112,217,51.6,6,4.9,+1.1,41,39,26,8,76,Matches
Julian Brandt,de GER,"MF,FW",Dortmund,Bundesliga,25,1996,23.1,1043,1330,78.4,17533,4863,530,618,85.8,371,440,84.3,112,202,55.4,8,4.7,+3.3,45,71,42,6,122,Matches
Demarai Gray,eng ENG,"MF,FW",Everton,Premier League,25,1996,26,544,757,71.9,10219,2375,242,284,85.2,201,249,80.7,80,164,48.8,4,4.3,-0.3,41,23,25,7,45,Matches
Denzel Dumfries,nl NED,DF,Inter,Serie A,25,1996,22.5,647,864,74.9,10668,3592,333,400,83.3,255,333,76.6,46,88,52.3,4,3.9,+0.1,27,32,27,9,81,Matches
Álvaro Odriozola,es ESP,DF,Fiorentina,Serie A,25,1995,19.3,917,1048,87.5,16667,4925,409,446,91.7,397,445,89.2,97,111,87.4,2,3.8,-1.8,30,31,19,10,45,Matches
Daniel Podence,pt POR,"FW,MF",Wolves,Premier League,25,1995,16.5,465,636,73.1,7740,2437,243,296,82.1,149,199,74.9,54,94,57.4,3,3.8,-0.8,35,32,36,10,77,Matches
Mathias Jensen,dk DEN,MF,Brentford,Premier League,25,1996,17.8,558,771,72.4,12401,3761,215,249,86.3,199,255,78,141,245,57.6,1,3.6,-2.6,37,67,26,12,69,Matches
Jonathan Bamba,fr FRA,"MF,FW",Lille,Ligue 1,25,1996,27,868,1149,75.5,14153,4853,494,581,85,254,302,84.1,90,188,47.9,2,3.5,-1.5,45,68,41,11,110,Matches
Mikel Merino,es ESP,MF,Real Sociedad,La Liga,25,1996,32.1,1367,1759,77.7,24200,7934,647,763,84.8,529,642,82.4,159,269,59.1,2,3.5,-1.5,27,157,39,4,179,Matches
Miloš Pantović,rs SRB,"MF,FW",Bochum,Bundesliga,25,1996,17,340,515,66,6423,2437,162,206,78.6,108,164,65.9,60,114,52.6,3,3.5,-0.5,33,31,21,6,42,Matches
Mahmoud Dahoud,de GER,MF,Dortmund,Bundesliga,25,1996,18.4,847,1069,79.2,15748,4352,341,400,85.3,387,444,87.2,101,176,57.4,3,3.4,-0.4,30,84,21,3,98,Matches
Aleksandr Golovin,ru RUS,"FW,MF",Monaco,Ligue 1,25,1996,16.7,573,773,74.1,9907,2987,277,318,87.1,216,269,80.3,64,148,43.2,4,3.4,+0.6,48,48,34,7,80,Matches
Liam Henderson,sct SCO,MF,Empoli,Serie A,25,1996,22.4,601,851,70.6,10455,3663,270,326,82.8,251,333,75.4,62,132,47,3,3.4,-0.4,42,55,26,8,77,Matches
Petar Stojanović,si SVN,DF,Empoli,Serie A,25,1995,30.4,1340,1707,78.5,24383,10822,612,677,90.4,578,704,82.1,143,260,55,1,3.4,-2.4,35,90,65,17,163,Matches
Rafael Borré,co COL,FW,Eint Frankfurt,Bundesliga,25,1995,26.4,517,709,72.9,8035,1452,296,357,82.9,165,232,71.1,39,61,63.9,4,3.3,+0.7,27,34,25,2,41,Matches
Saïd Benrahma,dz ALG,"FW,MF",West Ham,Premier League,25,1995,24.1,625,831,75.2,9864,2270,369,428,86.2,191,252,75.8,47,94,50,6,3.2,+2.8,31,33,32,12,61,Matches
Kingsley Coman,fr FRA,"FW,DF",Bayern Munich,Bundesliga,25,1996,15.1,561,716,78.4,10206,2310,243,288,84.4,243,302,80.5,62,93,66.7,2,3.2,-1.2,26,18,41,19,56,Matches
Giorgos Kyriakopoulos,gr GRE,"DF,FW",Sassuolo,Serie A,25,1996,21.9,1061,1283,82.7,18298,7144,513,544,94.3,428,484,88.4,102,205,49.8,5,3.2,+1.8,32,57,22,13,67,Matches
Alfonso Pedraza,es ESP,DF,Villarreal,La Liga,25,1996,18.9,733,1005,72.9,12097,4258,382,431,88.6,276,363,76,56,144,38.9,4,3.2,+0.8,22,45,24,9,62,Matches
Thomas Lemar,fr FRA,MF,Atlético Madrid,La Liga,25,1995,16,637,810,78.6,11003,3308,323,367,88,212,259,81.9,84,144,58.3,5,3.1,+1.9,32,48,35,14,74,Matches
Moussa Dembélé,fr FRA,FW,Lyon,Ligue 1,25,1996,24.5,308,443,69.5,3845,486,183,242,75.6,77,111,69.4,12,28,42.9,4,3,+1.0,22,13,7,1,12,Matches
Aleksei Miranchuk,ru RUS,"MF,FW",Atalanta,Serie A,25,1995,8.6,318,384,82.8,5066,1290,170,194,87.6,109,127,85.8,24,40,60,5,3,+2.0,22,22,20,1,42,Matches
Isaac Success,ng NGA,FW,Udinese,Serie A,25,1996,10.1,181,286,63.3,3112,785,89,135,65.9,61,86,70.9,22,40,55,6,3,+3.0,17,18,6,1,19,Matches
Ollie Watkins,eng ENG,FW,Aston Villa,Premier League,25,1995,32.8,493,689,71.6,6727,1304,314,401,78.3,128,186,68.8,23,41,56.1,2,2.9,-0.9,32,30,24,1,48,Matches
Alex Iwobi,ng NGA,"MF,DF",Everton,Premier League,25,1996,22.6,606,785,77.2,10137,3650,314,357,88,203,259,78.4,65,119,54.6,2,2.8,-0.8,35,58,38,12,79,Matches
Fabián Ruiz Peña,es ESP,MF,Napoli,Serie A,25,1996,26.5,1971,2200,89.6,36408,8195,902,976,92.4,751,818,91.8,278,334,83.2,4,2.8,+1.2,36,183,36,4,147,Matches
Ghislain Konan,ci CIV,DF,Reims,Ligue 1,25,1995,26.9,991,1306,75.9,17399,7793,457,524,87.2,413,508,81.3,103,215,47.9,3,2.7,+0.3,30,56,28,16,108,Matches
Che Adams,sct SCO,FW,Southampton,Premier League,25,1996,22.7,337,484,69.6,5275,1087,187,240,77.9,101,135,74.8,30,53,56.6,3,2.6,+0.4,26,22,13,1,35,Matches
Ignacio Pussetto,ar ARG,"FW,MF",Udinese,Serie A,25,1995,13.4,205,294,69.7,3336,867,107,133,80.5,66,98,67.3,25,33,75.8,4,2.6,+1.4,14,14,6,3,23,Matches
Milot Rashica,xk KVX,"FW,MF",Norwich City,Premier League,25,1996,24.8,376,597,63,7238,2210,167,213,78.4,148,217,68.2,56,138,40.6,2,2.6,-0.6,37,31,22,8,41,Matches
Alexander Sørloth,no NOR,FW,Real Sociedad,La Liga,25,1995,19.6,338,464,72.8,4903,720,202,256,78.9,102,141,72.3,20,32,62.5,0,2.6,-2.6,20,19,14,2,28,Matches
Kostas Tsimikas,gr GRE,DF,Liverpool,Premier League,25,1996,9.7,512,698,73.4,9298,3200,226,253,89.3,224,278,80.6,57,131,43.5,2,2.6,-0.6,26,25,14,9,45,Matches
Josh Brownhill,eng ENG,MF,Burnley,Premier League,25,1995,32.8,900,1191,75.6,15616,4285,459,546,84.1,307,390,78.7,111,198,56.1,3,2.5,+0.5,40,77,21,1,92,Matches
Pierre Højbjerg,dk DEN,MF,Tottenham,Premier League,25,1995,35.5,2222,2485,89.4,42901,11016,885,956,92.6,1010,1095,92.2,296,384,77.1,2,2.5,-0.5,30,227,35,4,203,Matches
André Silva,pt POR,FW,RB Leipzig,Bundesliga,25,1995,23.1,415,560,74.1,5509,1291,259,332,78,116,152,76.3,13,25,52,3,2.5,+0.5,15,24,25,3,45,Matches
Patrik Schick,cz CZE,FW,Leverkusen,Bundesliga,25,1996,23.1,292,410,71.2,4403,736,174,229,76,89,118,75.4,23,32,71.9,3,2.4,+0.6,15,12,10,0,21,Matches
Marco Asensio,es ESP,"FW,MF",Real Madrid,La Liga,25,1996,19.2,740,904,81.9,12641,2393,391,438,89.3,243,275,88.4,85,146,58.2,0,2.3,-2.3,30,50,20,3,54,Matches
Joshua Kimmich,de GER,MF,Bayern Munich,Bundesliga,26,1995,27.5,2199,2585,85.1,43953,14127,858,923,93,934,1045,89.4,366,543,67.4,9,9.2,-0.2,83,218,55,5,268,Matches
Domenico Berardi,it ITA,FW,Sassuolo,Serie A,26,1994,31.3,1017,1416,71.8,20890,6257,409,515,79.4,385,505,76.2,196,295,66.4,14,8.5,+5.5,77,88,57,7,191,Matches
Bruno Fernandes,pt POR,MF,Manchester Utd,Premier League,26,1994,34.6,1524,2024,75.3,29671,8579,682,788,86.5,568,697,81.5,246,453,54.3,6,8.4,-2.4,88,155,85,15,196,Matches
Moses Simon,ng NGA,"FW,MF",Nantes,Ligue 1,26,1995,25.9,532,821,64.8,9289,2971,278,339,82,169,247,68.4,69,175,39.4,8,7.2,+0.8,65,19,36,20,46,Matches
Serge Gnabry,de GER,"FW,DF",Bayern Munich,Bundesliga,26,1995,24.3,1070,1354,79,16999,4772,577,680,84.9,405,496,81.7,71,128,55.5,5,6.7,-1.7,48,60,68,15,128,Matches
Sheraldo Becker,sr SUR,"FW,MF",Union Berlin,Bundesliga,26,1995,19.5,385,610,63.1,7226,2266,168,232,72.4,148,229,64.6,58,107,54.2,6,6.6,-0.6,45,23,43,30,47,Matches
Mario Pašalić,hr CRO,"MF,FW",Atalanta,Serie A,26,1995,22.2,820,1011,81.1,14440,3386,358,435,82.3,368,422,87.2,74,96,77.1,6,6.4,-0.4,37,64,27,0,88,Matches
James Ward-Prowse,eng ENG,MF,Southampton,Premier League,26,1994,35.7,1671,2132,78.4,31243,9791,708,773,91.6,714,810,88.1,219,492,44.5,5,6.2,-1.2,70,164,23,9,135,Matches
Sergej Milinković-Savić,rs SRB,MF,Lazio,Serie A,26,1995,34.4,1937,2366,81.9,32870,8084,980,1114,88,685,812,84.4,207,319,64.9,10,6,+4.0,53,165,53,11,170,Matches
Álex Berenguer,es ESP,"MF,FW",Athletic Club,La Liga,26,1995,24.1,559,867,64.5,9012,3135,302,379,79.7,181,256,70.7,56,169,33.1,6,5.6,+0.4,44,33,26,13,66,Matches
Bernardo Silva,pt POR,"MF,FW",Manchester City,Premier League,26,1994,31.7,1698,1921,88.4,27192,4433,923,985,93.7,619,694,89.2,117,160,73.1,4,5.2,-1.2,54,102,42,9,88,Matches
Rick Karsdorp,nl NED,DF,Roma,Serie A,26,1995,32,1501,1831,82,30003,10340,546,616,88.6,723,833,86.8,220,331,66.5,2,4.9,-2.9,41,99,60,22,174,Matches
John McGinn,sct SCO,MF,Aston Villa,Premier League,26,1994,34.3,1004,1339,75,22660,8673,356,417,85.4,419,511,82,223,380,58.7,4,4.9,-0.9,53,171,49,16,166,Matches
Raheem Sterling,eng ENG,FW,Manchester City,Premier League,26,1994,23.6,722,876,82.4,10189,2123,456,508,89.8,222,262,84.7,26,47,55.3,5,4.6,+0.4,41,16,55,8,75,Matches
Denis Bouanga,ga GAB,"FW,MF",Saint-Étienne,Ligue 1,26,1994,27.1,554,801,69.2,9606,2586,297,366,81.1,163,238,68.5,66,136,48.5,6,4.5,+1.5,34,36,21,8,60,Matches
Mattia Aramu,it ITA,"MF,FW",Venezia,Serie A,26,1995,23.3,529,804,65.8,9556,3370,246,301,81.7,197,263,74.9,74,193,38.3,5,4.4,+0.6,37,36,33,15,64,Matches
Gerrit Holtmann,ph PHI,"FW,MF",Bochum,Bundesliga,26,1995,20.4,247,365,67.7,3981,1303,137,168,81.5,76,113,67.3,23,56,41.1,4,4.3,-0.3,28,14,27,14,37,Matches
Benno Schmitz,de GER,DF,Köln,Bundesliga,26,1994,26.9,1163,1646,70.7,23143,12925,417,496,84.1,563,745,75.6,175,351,49.9,5,4.3,+0.7,38,117,48,24,188,Matches
Luis Milla,es ESP,MF,Granada,La Liga,26,1994,29.9,1149,1447,79.4,23378,7769,464,519,89.4,447,504,88.7,208,366,56.8,3,4.1,-1.1,42,146,22,11,145,Matches
Leandro Trossard,be BEL,"FW,MF",Brighton,Premier League,26,1994,31.2,913,1181,77.3,16083,3592,468,552,84.8,302,387,78,115,160,71.9,3,4.1,-1.1,46,70,58,7,122,Matches
Przemysław Frankowski,pl POL,DF,Lens,Ligue 1,26,1995,27.2,1179,1442,81.8,19988,6135,582,661,88,480,566,84.8,98,155,63.2,5,4,+1.0,39,46,35,12,102,Matches
Seko Fofana,ci CIV,MF,Lens,Ligue 1,26,1995,37.3,1596,1819,87.7,26903,4649,811,886,91.5,617,682,90.5,139,187,74.3,1,3.7,-2.7,40,82,48,7,114,Matches
Ángel Correa,ar ARG,"FW,MF",Atlético Madrid,La Liga,26,1995,20.6,483,655,73.7,6814,1524,292,355,82.3,134,178,75.3,27,55,49.1,5,3.5,+1.5,24,29,20,2,47,Matches
Thomas Henry,fr FRA,FW,Venezia,Serie A,26,1994,23.5,281,455,61.8,4486,736,149,219,68,79,129,61.2,35,49,71.4,2,3.5,-1.5,21,20,9,2,20,Matches
Antonín Barák,cz CZE,"FW,MF",Hellas Verona,Serie A,26,1994,26,890,1109,80.3,13384,3772,490,569,86.1,316,381,82.9,49,76,64.5,4,3.4,+0.6,28,71,24,1,107,Matches
Adnan Januzaj,be BEL,"FW,MF",Real Sociedad,La Liga,26,1995,18.1,478,736,64.9,9685,3392,212,258,82.2,168,222,75.7,89,220,40.5,0,3.4,-3.4,33,54,30,12,74,Matches
Enis Bardhi,mk MKD,"MF,FW",Levante,La Liga,26,1995,18.9,531,750,70.8,9680,2927,253,291,86.9,179,239,74.9,76,161,47.2,3,3.3,-0.3,39,48,20,3,58,Matches
Frederic Guilbert,fr FRA,DF,Strasbourg,Ligue 1,26,1994,28,1054,1531,68.8,20812,8692,413,486,85,436,576,75.7,179,402,44.5,4,3.3,+0.7,45,71,45,24,119,Matches
Emerson Palmieri,it ITA,DF,Lyon,Ligue 1,26,1994,25.2,1545,1809,85.4,25092,8280,803,855,93.9,581,668,87,120,210,57.1,2,3.3,-1.3,31,87,15,7,81,Matches
Luke Shaw,eng ENG,DF,Manchester Utd,Premier League,26,1995,17.8,938,1172,80,15632,6022,497,547,90.9,333,396,84.1,92,180,51.1,3,3.2,-0.2,39,62,17,6,78,Matches
Filippo Bandinelli,it ITA,MF,Empoli,Serie A,26,1995,21.7,572,756,75.7,10088,3488,285,316,90.2,217,277,78.3,59,123,48,3,3.1,-0.1,33,44,43,16,89,Matches
Wylan Cyprien,fr FRA,MF,Nantes,Ligue 1,26,1995,16.6,731,906,80.7,14507,3822,294,325,90.5,290,341,85,127,198,64.1,3,3,0,29,73,16,3,74,Matches
Gelson Martins,pt POR,"FW,MF",Monaco,Ligue 1,26,1995,21.2,524,684,76.6,7545,1589,313,364,86,175,230,76.1,19,34,55.9,3,3,0,23,23,14,4,40,Matches
Marcos Llorente,es ESP,"DF,MF",Atlético Madrid,La Liga,26,1995,27.2,1060,1321,80.2,16938,4974,584,661,88.4,352,445,79.1,89,140,63.6,2,2.8,-0.8,25,51,26,12,69,Matches
Hirving Lozano,mx MEX,FW,Napoli,Serie A,26,1995,17.9,468,597,78.4,7231,1761,251,298,84.2,172,207,83.1,27,42,64.3,5,2.7,+2.3,30,19,34,15,56,Matches
Giovanni Simeone,ar ARG,FW,Hellas Verona,Serie A,26,1995,29.5,490,690,71,6684,1093,318,409,77.8,111,158,70.3,31,48,64.6,5,2.7,+2.3,22,23,15,4,26,Matches
Akim Zedadka,dz ALG,DF,Clermont Foot,Ligue 1,26,1995,37.1,1694,2110,80.3,28052,10323,869,985,88.2,660,813,81.2,131,231,56.7,3,2.7,+0.3,40,78,54,30,128,Matches
Leon Goretzka,de GER,MF,Bayern Munich,Bundesliga,26,1995,15.5,742,892,83.2,13062,3603,332,383,86.7,314,356,88.2,73,105,69.5,3,2.6,+0.4,27,67,27,2,91,Matches
Ondrej Duda,sk SVK,MF,Köln,Bundesliga,26,1994,17.9,506,681,74.3,9137,2322,247,300,82.3,158,218,72.5,83,123,67.5,0,2.5,-2.5,21,48,21,4,62,Matches
Mohamed Elyounoussi,no NOR,"MF,FW",Southampton,Premier League,26,1994,22.7,451,639,70.6,6805,1620,273,334,81.7,142,198,71.7,26,63,41.3,2,2.5,-0.5,29,38,21,2,49,Matches
Isaac Palazón Camacho,es ESP,"FW,MF",Rayo Vallecano,La Liga,26,1994,25.4,644,894,72,12250,3381,305,368,82.9,233,295,79,95,185,51.4,4,2.5,+1.5,32,75,18,4,80,Matches
Takuma Asano,jp JPN,"FW,MF",Bochum,Bundesliga,26,1994,17.9,263,378,69.6,3900,1239,131,172,76.2,102,135,75.6,14,30,46.7,4,2.4,+1.6,18,21,13,6,34,Matches
Héctor Bellerín,es ESP,DF,Betis,La Liga,26,1995,22,813,1064,76.4,13375,5458,422,494,85.4,299,379,78.9,72,127,56.7,2,2.4,-0.4,26,54,20,3,69,Matches
Danilo Cataldi,it ITA,MF,Lazio,Serie A,26,1994,19,1192,1388,85.9,21351,6293,564,602,93.7,469,530,88.5,140,224,62.5,2,2.4,-0.4,23,108,17,1,80,Matches
Mërgim Vojvoda,xk KVX,DF,Torino,Serie A,26,1995,22,913,1165,78.4,16013,7072,462,513,90.1,342,424,80.7,94,182,51.6,3,2.4,+0.6,24,77,31,15,102,Matches
Iván Alejo,es ESP,"MF,FW",Cádiz,La Liga,26,1995,11.8,202,343,58.9,3420,1403,111,137,81,56,88,63.6,28,92,30.4,2,2.3,-0.3,21,14,21,19,22,Matches
Javi Galán,es ESP,DF,Celta Vigo,La Liga,26,1994,36.6,1718,2191,78.4,30838,9750,793,889,89.2,719,872,82.5,177,340,52.1,3,2.3,+0.7,23,62,39,22,125,Matches
Mattia Zaccagni,it ITA,FW,Lazio,Serie A,26,1995,20.8,610,747,81.7,8971,2146,358,411,87.1,196,229,85.6,34,62,54.8,5,2.3,+2.7,26,21,29,2,71,Matches
Benjamin Bourigeaud,fr FRA,"FW,MF",Rennes,Ligue 1,27,1994,35.5,1378,1890,72.9,29254,10089,493,597,82.6,587,707,83,286,507,56.4,12,13.2,-1.2,121,127,88,33,205,Matches
Hakan Çalhanoğlu,tr TUR,MF,Inter,Serie A,27,1994,27.6,1492,1823,81.8,30055,8447,617,680,90.7,586,665,88.1,263,422,62.3,12,8.3,+3.7,91,148,48,12,149,Matches
Gerard Deulofeu,es ESP,"FW,MF",Udinese,Serie A,27,1994,29.1,772,1106,69.8,13306,5007,392,478,82,281,348,80.7,85,195,43.6,5,7,-2,79,47,80,8,134,Matches
Sofiane Boufal,ma MAR,"FW,MF",Angers,Ligue 1,27,1993,25.9,775,1023,75.8,13533,4039,386,457,84.5,249,300,83,103,192,53.6,4,6.4,-2.4,58,60,36,4,99,Matches
Yannick Carrasco,be BEL,"DF,MF",Atlético Madrid,La Liga,27,1993,28.7,977,1284,76.1,15383,5155,553,635,87.1,315,402,78.4,76,174,43.7,6,6.2,-0.2,55,54,47,10,94,Matches
Ludovic Ajorque,re REU,FW,Strasbourg,Ligue 1,27,1994,30.4,670,909,73.7,10159,1364,384,482,79.7,191,261,73.2,54,80,67.5,8,5.5,+2.5,38,29,27,5,46,Matches
Iñaki Williams,es ESP,FW,Athletic Club,La Liga,27,1994,30.9,446,685,65.1,6529,1309,264,363,72.7,123,189,65.1,32,62,51.6,5,5.4,-0.4,32,20,22,5,48,Matches
Andrew Robertson,sct SCO,DF,Liverpool,Premier League,27,1994,28.2,1859,2294,81,33724,11980,846,923,91.7,821,955,86,183,356,51.4,10,5.2,+4.8,55,139,49,14,198,Matches
João Cancelo,pt POR,DF,Manchester City,Premier League,27,1994,35.9,2752,3282,83.9,49380,14430,1304,1412,92.4,1132,1306,86.7,297,482,61.6,7,5.1,+1.9,39,266,95,13,274,Matches
Sergi Darder,es ESP,MF,Espanyol,La Liga,27,1993,34.7,1442,1746,82.6,28706,8082,593,653,90.8,594,671,88.5,230,360,63.9,9,4.9,+4.1,41,176,43,6,156,Matches
Luis Rioja,es ESP,"FW,MF",Alavés,La Liga,27,1993,34.6,560,932,60.1,9414,2755,311,420,74,176,276,63.8,60,165,36.4,3,4.8,-1.8,33,30,31,11,59,Matches
Denis Suárez,es ESP,MF,Celta Vigo,La Liga,27,1994,31.3,1630,2040,79.9,28578,7595,781,876,89.2,632,748,84.5,176,321,54.8,6,4.8,+1.2,46,167,31,7,145,Matches
Maximilian Arnold,de GER,MF,Wolfsburg,Bundesliga,27,1994,33.3,1445,1848,78.2,33220,10595,419,480,87.3,640,709,90.3,360,607,59.3,2,4.7,-2.7,60,147,33,5,153,Matches
Ante Rebić,hr CRO,FW,Milan,Serie A,27,1993,9.9,196,304,64.5,3249,1039,116,157,73.9,47,78,60.3,28,47,59.6,2,4.6,-2.6,31,21,27,8,40,Matches
Adrien Thomasson,fr FRA,MF,Strasbourg,Ligue 1,27,1993,26.5,1018,1317,77.3,17504,4300,494,586,84.3,405,484,83.7,97,168,57.7,4,4.6,-0.6,34,88,34,10,104,Matches
Nathan Redmond,eng ENG,"MF,FW",Southampton,Premier League,27,1994,20.4,511,726,70.4,8591,2591,264,318,83,180,257,70,49,114,43,5,4.3,+0.7,34,31,44,14,78,Matches
Rodrigo De Paul,ar ARG,MF,Atlético Madrid,La Liga,27,1994,23.9,1125,1420,79.2,23080,7494,453,512,88.5,428,490,87.3,213,356,59.8,1,4.1,-3.1,52,153,41,7,149,Matches
Gaëtan Laborde,fr FRA,FW,Rennes,Ligue 1,27,1994,30.3,433,656,66,6604,1370,246,329,74.8,144,234,61.5,32,48,66.7,8,4.1,+3.9,34,25,29,10,45,Matches
Dennis Praet,be BEL,"FW,MF",Torino,Serie A,27,1994,17.1,444,595,74.6,7246,1835,240,281,85.4,161,216,74.5,34,65,52.3,2,4.1,-2.1,24,32,26,12,43,Matches
Matteo Politano,it ITA,FW,Napoli,Serie A,27,1993,18.3,550,772,71.2,9290,2936,291,336,86.6,191,263,72.6,51,126,40.5,4,4,0,36,24,27,8,65,Matches
Memphis Depay,nl NED,FW,Barcelona,La Liga,27,1994,20.6,725,965,75.1,10974,2829,460,519,88.6,173,239,72.4,65,146,44.5,2,3.9,-1.9,45,32,30,10,70,Matches
Paulo Dybala,ar ARG,"FW,MF",Juventus,Serie A,27,1993,22.9,916,1130,81.1,17304,3637,424,498,85.1,343,399,86,134,194,69.1,5,3.7,+1.3,38,70,32,7,99,Matches
Mateo Kovačić,hr CRO,MF,Chelsea,Premier League,27,1994,17.3,1065,1193,89.3,19713,4484,451,488,92.4,468,509,91.9,127,166,76.5,5,3.6,+1.4,26,120,26,1,113,Matches
Charlie Taylor,eng ENG,DF,Burnley,Premier League,27,1993,30.3,977,1364,71.6,18453,7863,458,518,88.4,361,459,78.6,140,321,43.6,3,3.5,-0.5,20,64,26,19,79,Matches
Piotr Zieliński,pl POL,MF,Napoli,Serie A,27,1994,23.2,965,1147,84.1,15322,4008,485,538,90.1,363,439,82.7,71,100,71,5,3.3,+1.7,49,79,38,7,93,Matches
Lucas Höler,de GER,"FW,MF",Freiburg,Bundesliga,27,1994,28.7,628,904,69.5,8986,1830,380,506,75.1,181,250,72.4,36,61,59,2,3.2,-1.2,36,33,29,2,62,Matches
Christian Nørgaard,dk DEN,MF,Brentford,Premier League,27,1994,33.9,1318,1652,79.8,24092,7080,558,667,83.7,566,669,84.6,158,240,65.8,4,3.1,+0.9,29,148,27,6,163,Matches
Arkadiusz Milik,pl POL,FW,Marseille,Ligue 1,27,1994,15.7,309,383,80.7,4623,518,171,202,84.7,92,109,84.4,20,25,80,2,2.9,-0.9,18,17,12,0,20,Matches
Giovanni Di Lorenzo,it ITA,DF,Napoli,Serie A,27,1993,31.9,2032,2309,88,34532,12444,978,1060,92.3,863,944,91.4,158,213,74.2,4,2.7,+1.3,32,148,44,10,159,Matches
Solly March,eng ENG,"DF,FW",Brighton,Premier League,27,1994,19.4,553,766,72.2,10479,2801,268,325,82.5,194,262,74,78,139,56.1,2,2.7,-0.7,35,28,33,10,55,Matches
Alessandro Schöpf,at AUT,MF,Arminia,Bundesliga,27,1994,26.6,820,1058,77.5,13677,3627,407,502,81.1,300,365,82.2,82,128,64.1,0,2.7,-2.7,43,65,27,7,88,Matches
Jean-Paul Boëtius,nl NED,MF,Mainz 05,Bundesliga,27,1994,20,698,938,74.4,13978,4757,267,328,81.4,295,364,81,120,210,57.1,2,2.5,-0.5,27,81,22,4,111,Matches
Jimmy Cabot,fr FRA,DF,Angers,Ligue 1,27,1994,22.3,1089,1372,79.4,20854,5922,453,510,88.8,500,592,84.5,127,227,55.9,5,2.4,+2.6,20,55,26,9,79,Matches
Caleb Ekuban,gh GHA,"FW,MF",Genoa,Serie A,27,1994,19.1,302,434,69.6,4217,900,195,241,80.9,84,126,66.7,13,23,56.5,2,2.4,-0.4,16,14,10,1,27,Matches
Sanjin Prcić,ba BIH,MF,Strasbourg,Ligue 1,27,1993,24.3,1199,1410,85,25257,6130,433,488,88.7,494,542,91.1,248,337,73.6,0,2.4,-2.4,24,141,28,2,133,Matches
Moi Gómez,es ESP,"MF,FW",Villarreal,La Liga,27,1994,14.3,482,595,81,8778,2207,221,253,87.4,195,227,85.9,58,86,67.4,2,2.3,-0.3,21,36,27,8,50,Matches
Filip Kostić,rs SRB,"DF,FW",Eint Frankfurt,Bundesliga,28,1992,28,1038,1618,64.2,22600,9276,347,443,78.3,478,653,73.2,203,432,47,9,9.8,-0.8,89,84,64,44,126,Matches
Iker Muniain,es ESP,MF,Athletic Club,La Liga,28,1992,30.9,1246,1590,78.4,21703,8092,619,689,89.8,435,524,83,160,304,52.6,10,9.5,+0.5,108,112,72,12,191,Matches
Harry Kane,eng ENG,FW,Tottenham,Premier League,28,1993,35.9,659,952,69.2,13093,4065,287,372,77.2,234,314,74.5,120,189,63.5,9,9,0,49,91,41,8,117,Matches
Luis Alberto,es ESP,MF,Lazio,Serie A,28,1992,26.1,1643,1976,83.1,28022,9086,809,879,92,631,724,87.2,164,302,54.3,9,7.8,+1.2,63,206,49,7,180,Matches
Alassane Pléa,fr FRA,"FW,MF",M'Gladbach,Bundesliga,28,1993,23,600,800,75,10920,3182,291,352,82.7,199,257,77.4,92,128,71.9,6,7.4,-1.4,52,79,42,5,112,Matches
Christian Günter,de GER,DF,Freiburg,Bundesliga,28,1993,34,1164,1660,70.1,21360,9241,524,614,85.3,466,606,76.9,151,351,43,9,7.3,+1.7,72,76,48,29,117,Matches
Jonathan Clauss,fr FRA,DF,Lens,Ligue 1,28,1992,33.8,1281,1901,67.4,25106,11458,543,667,81.4,510,685,74.5,208,481,43.2,11,7.2,+3.8,76,79,60,21,168,Matches
Vincenzo Grifo,it ITA,"MF,FW",Freiburg,Bundesliga,28,1993,30.8,1042,1410,73.9,19499,7128,508,586,86.7,343,438,78.3,169,334,50.6,7,7,0,63,74,64,11,139,Matches
Felipe Anderson,br BRA,FW,Lazio,Serie A,28,1993,32.1,1108,1424,77.8,17105,4561,640,744,86,362,461,78.5,78,132,59.1,8,6.9,+1.1,52,52,64,12,123,Matches
Gianluca Caprari,it ITA,"FW,MF",Hellas Verona,Serie A,28,1993,30.4,965,1272,75.9,15028,4157,532,606,87.8,312,399,78.2,80,172,46.5,7,6.8,+0.2,66,63,66,7,119,Matches
Nabil Fekir,fr FRA,MF,Betis,La Liga,28,1993,31,1216,1507,80.7,20704,6682,615,664,92.6,403,470,85.7,142,269,52.8,8,6.8,+1.2,83,114,42,3,139,Matches
Ruslan Malinovskyi,ua UKR,"FW,MF",Atalanta,Serie A,28,1993,17.7,678,918,73.9,13006,3844,290,340,85.3,272,333,81.7,103,192,53.6,5,6.2,-1.2,45,59,48,7,109,Matches
Álvaro Morata,es ESP,FW,Juventus,Serie A,28,1992,25.6,512,679,75.4,8566,1457,265,334,79.3,184,227,81.1,48,72,66.7,4,6.1,-2.1,44,29,20,6,43,Matches
Cristiano Biraghi,it ITA,DF,Fiorentina,Serie A,28,1992,35,2084,2585,80.6,42989,16226,750,811,92.5,982,1124,87.4,332,577,57.5,1,5.8,-4.8,70,129,64,36,159,Matches
Álvaro García,es ESP,FW,Rayo Vallecano,La Liga,28,1992,33.3,645,1035,62.3,11321,3908,311,421,73.9,253,371,68.2,66,183,36.1,4,5.1,-1.1,49,33,49,26,77,Matches
Florian Kainz,at AUT,"MF,FW",Köln,Bundesliga,28,1992,25.8,643,1062,60.5,13353,4902,235,312,75.3,285,390,73.1,114,307,37.1,4,5,-1,48,61,44,14,116,Matches
Wilfried Zaha,ci CIV,FW,Crystal Palace,Premier League,28,1992,30.7,749,965,77.6,12150,3375,390,470,83,278,344,80.8,64,94,68.1,1,4.8,-3.8,44,38,65,15,116,Matches
Johan Mojica,co COL,DF,Elche,La Liga,28,1992,31.7,1419,1857,76.4,26244,11612,693,765,90.6,513,619,82.9,188,375,50.1,5,4.5,+0.5,31,77,46,26,119,Matches
Lucas Moura,br BRA,"FW,MF",Tottenham,Premier League,28,1992,19.7,576,765,75.3,8966,2463,320,372,86,211,281,75.1,31,68,45.6,6,4.4,+1.6,33,51,34,6,82,Matches
Karl Toko Ekambi,cm CMR,FW,Lyon,Ligue 1,28,1992,25.5,751,945,79.5,12109,2450,403,466,86.5,270,331,81.6,58,93,62.4,5,4.4,+0.6,37,25,42,16,64,Matches
Jordan Veretout,fr FRA,MF,Roma,Serie A,28,1993,25.8,1209,1431,84.5,25445,6621,389,431,90.3,584,650,89.8,226,322,70.2,8,4.4,+3.6,53,132,18,3,107,Matches
Kerem Demirbay,de GER,MF,Leverkusen,Bundesliga,28,1993,22.8,1071,1400,76.5,23067,7738,391,456,85.7,423,502,84.3,227,381,59.6,4,4.1,-0.1,45,129,29,4,125,Matches
Vital N'Simba,cd COD,DF,Clermont Foot,Ligue 1,28,1993,31,1425,1838,77.5,24652,12123,702,805,87.2,585,727,80.5,124,253,49,3,3.9,-0.9,33,88,47,22,168,Matches
Paul Pogba,fr FRA,"MF,FW",Manchester Utd,Premier League,28,1993,15,738,879,84,14891,3918,302,345,87.5,281,315,89.2,134,171,78.4,9,3.5,+5.5,24,110,26,5,94,Matches
Flavien Tait,fr FRA,MF,Rennes,Ligue 1,28,1993,23.6,1102,1264,87.2,21107,4549,469,532,88.2,435,484,89.9,179,207,86.5,3,3.5,-0.5,30,130,33,4,129,Matches
Hakim Ziyech,ma MAR,"FW,MF",Chelsea,Premier League,28,1993,14.7,543,737,73.7,8923,2929,297,336,88.4,176,227,77.5,51,127,40.2,3,3.5,-0.5,30,49,32,10,76,Matches
Rubén García,es ESP,"FW,MF",Osasuna,La Liga,28,1993,26.4,891,1247,71.5,16474,5375,437,518,84.4,300,394,76.1,132,265,49.8,6,3.4,+2.6,54,56,50,19,99,Matches
Jesús Corona,mx MEX,"FW,DF",Sevilla,La Liga,28,1993,12.9,476,612,77.8,7746,1722,265,301,88,150,189,79.4,45,86,52.3,4,3.3,+0.7,23,23,16,6,32,Matches
Branimir Hrgota,se SWE,FW,Greuther Fürth,Bundesliga,28,1993,30.9,536,747,71.8,8971,2495,274,352,77.8,176,235,74.9,59,91,64.8,5,3.2,+1.8,33,42,25,5,76,Matches
Borja Iglesias,es ESP,FW,Betis,La Liga,28,1993,17.5,242,340,71.2,3672,542,137,180,76.1,70,92,76.1,19,34,55.9,0,3.1,-3.1,16,8,12,1,18,Matches
Romelu Lukaku,be BEL,FW,Chelsea,Premier League,28,1993,17.7,234,320,73.1,2993,430,151,185,81.6,56,82,68.3,10,17,58.8,0,3,-3,21,7,9,0,16,Matches
Laurent Abergel,fr FRA,MF,Lorient,Ligue 1,28,1993,32.8,1334,1635,81.6,25609,6758,534,603,88.6,566,644,87.9,205,308,66.6,2,2.9,-0.9,30,127,19,6,137,Matches
Farid Boulaya,dz ALG,"MF,FW",Metz,Ligue 1,28,1993,17,490,738,66.4,9998,3046,206,262,78.6,184,251,73.3,93,189,49.2,2,2.9,-0.9,32,54,15,5,54,Matches
Elba Rashani,xk KVX,"FW,MF",Clermont Foot,Ligue 1,28,1993,19.5,440,571,77.1,6336,1517,270,308,87.7,137,179,76.5,20,38,52.6,3,2.8,+0.2,14,25,11,6,31,Matches
Marco Verratti,it ITA,MF,Paris S-G,Ligue 1,28,1992,21.5,1965,2141,91.8,32664,8717,998,1056,94.5,734,785,93.5,180,221,81.4,2,2.7,-0.7,29,173,45,1,155,Matches
Darwin Machís,ve VEN,"MF,FW",Granada,La Liga,28,1993,15.3,292,437,66.8,5678,1812,132,155,85.2,96,142,67.6,56,106,52.8,2,2.6,-0.6,19,31,19,12,33,Matches
Silvan Widmer,ch SUI,DF,Mainz 05,Bundesliga,28,1993,32.4,1075,1498,71.8,19097,8580,479,562,85.2,469,631,74.3,107,257,41.6,5,2.6,+2.4,20,81,25,12,108,Matches
Juanmi,es ESP,FW,Betis,La Liga,28,1993,23.7,417,520,80.2,6592,1551,225,261,86.2,132,156,84.6,37,57,64.9,4,2.5,+1.5,19,19,9,4,34,Matches
Stefan Lainer,at AUT,DF,M'Gladbach,Bundesliga,28,1992,16.3,575,767,75,9552,4254,282,334,84.4,242,313,77.3,43,80,53.8,2,2.5,-0.5,13,40,15,4,75,Matches
Vladimír Coufal,cz CZE,DF,West Ham,Premier League,28,1992,24.5,982,1417,69.3,16708,7662,465,549,84.7,419,572,73.3,80,230,34.8,4,2.4,+1.6,20,64,31,17,105,Matches
Mattia De Sciglio,it ITA,DF,Juventus,Serie A,28,1992,13,543,668,81.3,10667,3955,220,251,87.6,242,276,87.7,74,119,62.2,2,2.4,-0.4,21,37,17,12,48,Matches
Álex Moreno,es ESP,DF,Betis,La Liga,28,1993,26.7,1040,1404,74.1,17302,6748,530,597,88.8,414,551,75.1,77,187,41.2,3,2.4,+0.6,22,58,31,13,89,Matches
Stephan El Shaarawy,it ITA,"DF,FW",Roma,Serie A,28,1992,11.7,487,586,83.1,8857,2380,226,258,87.6,207,239,86.6,51,71,71.8,0,2.4,-2.4,31,23,30,5,58,Matches
Granit Xhaka,ch SUI,"MF,DF",Arsenal,Premier League,28,1992,25.9,1346,1548,87,25063,6693,572,633,90.4,579,641,90.3,169,217,77.9,2,2.3,-0.3,35,160,45,5,145,Matches
Mohamed Salah,eg EGY,FW,Liverpool,Premier League,29,1992,30.7,869,1118,77.7,12439,3620,550,633,86.9,256,332,77.1,39,74,52.7,13,10.4,+2.6,61,35,61,8,123,Matches
Son Heung-min,kr KOR,"FW,MF",Tottenham,Premier League,29,1992,33.4,933,1223,76.3,14512,3532,530,588,90.1,298,360,82.8,77,205,37.6,7,8.1,-1.1,71,35,45,4,76,Matches
Neymar,br BRA,"FW,MF",Paris S-G,Ligue 1,29,1992,20.6,1065,1336,79.7,16418,5210,623,724,86,309,377,82,93,156,59.6,6,7.6,-1.6,61,113,43,3,141,Matches
Jonas Hofmann,de GER,"MF,FW",M'Gladbach,Bundesliga,29,1992,23.1,998,1274,78.3,18056,5079,465,521,89.3,345,410,84.1,153,266,57.5,5,6.7,-1.7,74,56,30,5,89,Matches
Karim Onisiwo,at AUT,FW,Mainz 05,Bundesliga,29,1992,26.2,357,573,62.3,5368,1363,199,281,70.8,111,174,63.8,24,49,49,8,6.2,+1.8,40,20,19,6,44,Matches
Téji Savanier,fr FRA,MF,Montpellier,Ligue 1,29,1991,26.8,1075,1618,66.4,23315,7979,441,540,81.7,345,464,74.4,263,536,49.1,7,6,+1.0,59,149,42,16,157,Matches
Mark Uth,de GER,"MF,FW",Köln,Bundesliga,29,1991,22.5,510,748,68.2,10656,3042,212,279,76,179,234,76.5,113,192,58.9,8,5.4,+2.6,44,58,27,12,68,Matches
Gerard Moreno,es ESP,FW,Villarreal,La Liga,29,1992,13.2,323,472,68.4,6092,1697,149,195,76.4,115,161,71.4,52,78,66.7,3,4.7,-1.7,29,38,25,4,59,Matches
Kevin Volland,de GER,"MF,FW",Monaco,Ligue 1,29,1992,27.1,432,645,67,7660,2370,212,282,75.2,149,213,70,54,90,60,9,4.7,+4.3,31,57,30,4,67,Matches
Sadio Mané,sn SEN,FW,Liverpool,Premier League,29,1992,31.3,819,1091,75.1,13609,2896,424,510,83.1,291,390,74.6,83,109,76.1,2,4.4,-2.4,36,59,54,6,103,Matches
Andy Delort,dz ALG,FW,Nice,Ligue 1,29,1991,27.2,420,685,61.3,6456,1348,231,329,70.2,126,213,59.2,37,79,46.8,2,4.2,-2.2,33,26,28,9,43,Matches
Hamari Traoré,ml MLI,DF,Rennes,Ligue 1,29,1992,32.1,1830,2177,84.1,35904,11509,643,726,88.6,933,1053,88.6,240,351,68.4,10,4.2,+5.8,33,132,47,13,169,Matches
Davide Zappacosta,it ITA,DF,Atalanta,Serie A,29,1992,26.1,1255,1521,82.5,19380,6998,701,758,92.5,465,558,83.3,63,130,48.5,5,4.2,+0.8,35,55,39,21,102,Matches
Iván Balliu,al ALB,DF,Rayo Vallecano,La Liga,29,1992,35,1373,1796,76.4,26205,12003,584,654,89.3,579,726,79.8,188,340,55.3,2,4,-2,43,94,39,29,138,Matches
Alfonso Espino,uy URU,DF,Cádiz,La Liga,29,1992,37,1124,1778,63.2,22133,10055,472,567,83.2,447,627,71.3,180,472,38.1,2,3.9,-1.9,40,90,35,22,100,Matches
Christian Eriksen,dk DEN,MF,Brentford,Premier League,29,1992,10.4,472,634,74.4,10893,3905,160,185,86.5,171,209,81.8,134,220,60.9,4,3.6,+0.4,32,75,18,8,65,Matches
Emil Forsberg,se SWE,"MF,FW",RB Leipzig,Bundesliga,29,1991,19,637,773,82.4,10150,2602,357,406,87.9,215,241,89.2,54,97,55.7,2,3.6,-1.6,24,56,32,2,87,Matches
Marvin Plattenhardt,de GER,DF,Hertha BSC,Bundesliga,29,1992,18.2,657,936,70.2,13040,6995,258,290,89,279,360,77.5,111,250,44.4,3,3.6,-0.6,42,29,14,7,46,Matches
Philippe Coutinho,br BRA,"MF,FW",Aston Villa,Premier League,29,1992,14.8,527,641,82.2,9021,2278,271,309,87.7,187,216,86.6,55,84,65.5,3,3.2,-0.2,25,68,13,3,60,Matches
Joshua King,no NOR,FW,Watford,Premier League,29,1992,25,387,524,73.9,5865,1126,210,261,80.5,146,200,73,19,28,67.9,3,3.2,-0.2,35,26,13,2,30,Matches
Riccardo Saponara,it ITA,FW,Fiorentina,Serie A,29,1991,14.3,428,552,77.5,8046,2252,178,211,84.4,191,232,82.3,53,70,75.7,3,3.2,-0.2,20,32,28,6,79,Matches
Florian Tardieu,fr FRA,MF,Troyes,Ligue 1,29,1992,29.2,1685,2040,82.6,34656,10430,658,720,91.4,706,796,88.7,291,471,61.8,2,3.2,-1.2,49,174,23,3,170,Matches
João Pedro,it ITA,FW,Cagliari,Serie A,29,1992,36.9,523,736,71.1,9681,1691,219,279,78.5,219,294,74.5,69,105,65.7,4,3.1,+0.9,27,23,23,3,54,Matches
Marcos Acuña,ar ARG,DF,Sevilla,La Liga,29,1991,25.1,1564,1971,79.4,32212,11965,591,635,93.1,682,803,84.9,275,474,58,3,3,0,41,103,42,23,123,Matches
Florent Mollet,fr FRA,"FW,MF",Montpellier,Ligue 1,29,1991,29.2,967,1195,80.9,15969,4115,510,560,91.1,318,377,84.4,98,180,54.4,2,3,-1,30,67,23,8,80,Matches
Davide Faraoni,it ITA,DF,Hellas Verona,Serie A,29,1991,28.6,959,1369,70.1,18304,9467,429,523,82,369,495,74.5,148,302,49,5,2.9,+2.1,21,82,60,22,142,Matches
Youcef Belaïli,dz ALG,"MF,FW",Brest,Ligue 1,29,1992,9.2,274,390,70.3,5458,1822,125,149,83.9,84,107,78.5,57,108,52.8,2,2.8,-0.8,20,33,16,1,34,Matches
Jorginho,it ITA,MF,Chelsea,Premier League,29,1991,25.3,1664,1856,89.7,29444,7066,731,790,92.5,762,823,92.6,144,201,71.6,2,2.8,-0.8,25,160,35,0,140,Matches
Willian José,br BRA,FW,Betis,La Liga,29,1991,17.8,413,531,77.8,6658,1173,220,258,85.3,126,160,78.8,39,66,59.1,4,2.8,+1.2,19,23,8,1,27,Matches
Pavel Kadeřábek,cz CZE,DF,Hoffenheim,Bundesliga,29,1992,13.3,507,681,74.4,9165,3582,224,270,83,219,284,77.1,57,93,61.3,2,2.8,-0.8,21,30,20,10,60,Matches
Oriol Romeu,es ESP,MF,Southampton,Premier League,29,1991,32.1,1396,1685,82.8,26627,6081,608,701,86.7,572,664,86.1,192,266,72.2,2,2.8,-0.8,35,125,25,2,125,Matches
Thomas Delaine,fr FRA,DF,Metz,Ligue 1,29,1992,25.7,867,1166,74.4,14664,6252,425,479,88.7,365,465,78.5,63,169,37.3,2,2.7,-0.7,29,48,24,16,89,Matches
Casemiro,br BRA,MF,Real Madrid,La Liga,29,1992,28.5,1714,1983,86.4,34844,9441,672,744,90.3,680,774,87.9,322,395,81.5,3,2.6,+0.4,24,181,20,2,144,Matches
Moanes Dabbur,il ISR,"FW,MF",Hoffenheim,Bundesliga,29,1992,14.6,361,482,74.9,5227,1365,205,257,79.8,117,143,81.8,19,35,54.3,4,2.6,+1.4,18,23,11,3,31,Matches
Jordan Ferri,fr FRA,MF,Montpellier,Ligue 1,29,1992,32.3,2100,2502,83.9,43598,14073,765,850,90,887,992,89.4,404,576,70.1,2,2.6,-0.6,29,215,28,5,211,Matches
Thomas Meunier,be BEL,DF,Dortmund,Bundesliga,29,1991,15.6,898,1152,78,16457,6541,381,431,88.4,412,512,80.5,91,168,54.2,4,2.6,+1.4,14,56,24,13,105,Matches
Manu Trigueros,es ESP,"MF,FW",Villarreal,La Liga,29,1991,24.2,987,1229,80.3,17713,5406,438,499,87.8,420,488,86.1,110,185,59.5,4,2.6,+1.4,22,128,31,3,139,Matches
Jodel Dossou,bj BEN,FW,Clermont Foot,Ligue 1,29,1992,22.3,414,573,72.3,6060,1741,244,293,83.3,132,180,73.3,24,45,53.3,1,2.5,-1.5,23,36,23,12,51,Matches
Adri Embarba,es ESP,"FW,MF",Espanyol,La Liga,29,1992,22.1,491,794,61.8,8450,2659,252,311,81,155,238,65.1,63,187,33.7,2,2.5,-0.5,36,23,23,12,36,Matches
David Alaba,at AUT,DF,Real Madrid,La Liga,29,1992,29.4,1804,1967,91.7,33608,10916,751,778,96.5,811,860,94.3,216,285,75.8,3,2.4,+0.6,22,132,18,5,102,Matches
Dani Carvajal,es ESP,DF,Real Madrid,La Liga,29,1992,17.2,1040,1205,86.3,18625,5014,476,521,91.4,411,467,88,134,176,76.1,3,2.4,+0.6,26,45,27,8,68,Matches
Roberto Firmino,br BRA,FW,Liverpool,Premier League,29,1991,11,393,501,78.4,5872,1288,223,252,88.5,129,170,75.9,21,29,72.4,4,2.4,+1.6,18,27,11,1,35,Matches
Xherdan Shaqiri,ch SUI,"FW,MF",Lyon,Ligue 1,29,1991,7.5,265,346,76.6,4762,1488,142,159,89.3,70,85,82.4,45,83,54.2,3,2.4,+0.6,16,23,18,2,39,Matches
Jordan Ayew,gh GHA,FW,Crystal Palace,Premier League,29,1991,22.4,570,745,76.5,8666,1732,326,368,88.6,197,245,80.4,33,79,41.8,3,2.3,+0.7,21,29,15,5,48,Matches
Kevin De Bruyne,be BEL,MF,Manchester City,Premier League,30,1991,24.5,1172,1553,75.5,22303,6186,520,600,86.7,464,582,79.7,166,311,53.4,8,9.5,-1.5,88,132,67,9,157,Matches
Andrej Kramarić,hr CRO,"FW,MF",Hoffenheim,Bundesliga,30,1991,30.1,819,1057,77.5,13079,2951,440,527,83.5,290,364,79.7,57,102,55.9,9,6.3,+2.7,38,57,41,10,79,Matches
Lorenzo Insigne,it ITA,FW,Napoli,Serie A,30,1991,25.4,1200,1506,79.7,22090,5654,583,650,89.7,433,506,85.6,161,290,55.5,8,5.7,+2.3,64,75,53,7,126,Matches
Darko Lazović,rs SRB,DF,Hellas Verona,Serie A,30,1990,30.7,1098,1543,71.2,19327,9552,482,603,79.9,503,657,76.6,98,202,48.5,7,5.7,+1.3,44,88,54,14,195,Matches
Luis Muriel,co COL,FW,Atalanta,Serie A,30,1991,17.1,561,769,73,9365,2686,279,341,81.8,171,239,71.5,70,122,57.4,8,5.5,+2.5,60,34,38,8,70,Matches
Pascal Groß,de GER,"MF,DF",Brighton,Premier League,30,1991,22.6,984,1315,74.8,19467,5768,410,468,87.6,395,475,83.2,167,319,52.4,4,5.3,-1.3,60,81,35,12,103,Matches
Sergio Canales,es ESP,"FW,MF",Betis,La Liga,30,1991,31,1551,1867,83.1,28685,6995,713,788,90.5,554,636,87.1,228,335,68.1,8,5.1,+2.9,62,148,62,5,182,Matches
Marcos Alonso,es ESP,DF,Chelsea,Premier League,30,1990,24.1,1132,1456,77.7,19695,6764,556,629,88.4,448,532,84.2,108,235,46,4,4.6,-0.6,44,68,33,15,107,Matches
Rodrigo,es ESP,"MF,FW",Leeds United,Premier League,30,1991,25.2,667,895,74.5,11252,2788,347,437,79.4,218,275,79.3,77,116,66.4,1,4.6,-3.6,40,67,34,10,76,Matches
Wissam Ben Yedder,fr FRA,FW,Monaco,Ligue 1,30,1990,28.1,493,677,72.8,7299,1306,282,354,79.7,159,217,73.3,36,60,60,5,4.3,+0.7,29,30,29,0,53,Matches
Duván Zapata,co COL,FW,Atalanta,Serie A,30,1991,19.1,425,557,76.3,6383,925,244,293,83.3,138,185,74.6,26,43,60.5,4,4.3,-0.3,38,19,21,4,28,Matches
İlkay Gündoğan,de GER,MF,Manchester City,Premier League,30,1990,20.6,1160,1325,87.5,20357,4001,586,622,94.2,410,454,90.3,140,196,71.4,4,4.2,-0.2,37,78,27,2,84,Matches
Roberto Soriano,it ITA,"MF,FW",Bologna,Serie A,30,1991,29.1,1031,1258,82,15865,5354,571,641,89.1,356,429,83,71,113,62.8,4,4.2,-0.2,45,103,43,11,129,Matches
Riyad Mahrez,dz ALG,FW,Manchester City,Premier League,30,1991,16.6,767,930,82.5,13516,2654,377,422,89.3,299,346,86.4,84,143,58.7,5,3.7,+1.3,41,20,39,6,61,Matches
Gaël Kakuta,cd COD,"MF,FW",Lens,Ligue 1,30,1991,18.6,527,725,72.7,8609,2305,297,363,81.8,173,229,75.5,45,95,47.4,2,3.5,-1.5,22,66,19,7,67,Matches
Antoine Griezmann,fr FRA,"FW,MF",Atlético Madrid,La Liga,30,1991,18.8,560,710,78.9,8706,1834,311,359,86.6,176,219,80.4,47,87,54,4,3.4,+0.6,26,34,12,1,44,Matches
Vladimír Darida,cz CZE,MF,Hertha BSC,Bundesliga,30,1990,19.8,689,957,72,13134,4043,290,343,84.5,289,359,80.5,95,199,47.7,5,3.3,+1.7,32,45,17,5,64,Matches
Mário Rui,pt POR,DF,Napoli,Serie A,30,1991,33.2,2071,2455,84.4,37733,12199,984,1073,91.7,800,898,89.1,258,409,63.1,5,3.3,+1.7,40,115,39,8,134,Matches
Kiko Femenía,es ESP,DF,Watford,Premier League,30,1991,23.8,856,1196,71.6,14470,6826,439,496,88.5,346,468,73.9,62,190,32.6,5,3.2,+1.8,24,51,17,9,79,Matches
Roberto Pereyra,ar ARG,"MF,FW",Udinese,Serie A,30,1991,19.9,719,840,85.6,11577,3123,368,404,91.1,277,319,86.8,53,75,70.7,5,3.2,+1.8,27,57,29,2,79,Matches
Wahbi Khazri,tn TUN,"FW,MF",Saint-Étienne,Ligue 1,30,1991,24.7,430,622,69.1,7787,2223,218,264,82.6,130,185,70.3,61,124,49.2,0,3.1,-3.1,32,47,25,4,58,Matches
Thomas Monconduit,fr FRA,MF,Lorient,Ligue 1,30,1991,25,1012,1289,78.5,21066,6428,376,457,82.3,427,510,83.7,187,277,67.5,2,3,-1,30,128,15,3,139,Matches
Florian Sotoca,fr FRA,"FW,MF",Lens,Ligue 1,30,1990,27.6,907,1194,76,17039,3597,414,527,78.6,327,412,79.4,138,190,72.6,4,3,+1.0,30,91,28,10,111,Matches
Xavier Chavalerin,fr FRA,"MF,FW",Troyes,Ligue 1,30,1991,30.2,795,1046,76,14166,4444,387,449,86.2,281,362,77.6,102,178,57.3,2,2.8,-0.8,23,68,22,5,73,Matches
Raúl Jiménez,mx MEX,FW,Wolves,Premier League,30,1991,29.2,557,779,71.5,8584,1779,334,430,77.7,156,205,76.1,45,78,57.7,4,2.7,+1.3,33,38,18,4,50,Matches
Lucas Vázquez,es ESP,DF,Real Madrid,La Liga,30,1991,20.4,1339,1551,86.3,23266,6753,646,696,92.8,545,613,88.9,127,203,62.6,0,2.7,-2.7,33,63,40,10,100,Matches
Eden Hazard,be BEL,"FW,MF",Real Madrid,La Liga,30,1991,8,366,411,89.1,5376,946,223,247,90.3,113,124,91.1,20,21,95.2,1,2.6,-1.6,28,16,12,0,21,Matches
Tristan Dingomé,cm CMR,"MF,FW",Troyes,Ligue 1,30,1991,12,403,536,75.2,7047,2147,204,248,82.3,129,170,75.9,52,90,57.8,4,2.5,+1.5,21,39,13,5,43,Matches
Sebastian Polter,de GER,FW,Bochum,Bundesliga,30,1991,26,293,518,56.6,4149,1130,164,265,61.9,95,164,57.9,15,37,40.5,1,2.5,-1.5,29,28,7,1,38,Matches
Stuart Dallas,nir NIR,"DF,MF",Leeds United,Premier League,30,1991,32.4,1312,1666,78.8,23028,8378,659,724,91,482,577,83.5,145,287,50.5,1,2.4,-1.4,34,113,29,5,128,Matches
Andros Townsend,eng ENG,MF,Everton,Premier League,30,1991,16.2,342,487,70.2,5948,2075,162,190,85.3,138,175,78.9,37,96,38.5,2,2.4,-0.4,30,18,28,13,46,Matches
Thiago Alcántara,es ESP,MF,Liverpool,Premier League,30,1991,17,1325,1479,89.6,28007,7322,455,492,92.5,611,657,93,248,300,82.7,4,2.3,+1.7,28,199,22,1,175,Matches
Genki Haraguchi,jp JPN,MF,Union Berlin,Bundesliga,30,1991,19.5,410,558,73.5,7185,1954,186,233,79.8,172,215,80,41,74,55.4,6,2.3,+3.7,24,41,10,3,58,Matches
N'Golo Kanté,fr FRA,MF,Chelsea,Premier League,30,1991,19.7,1117,1282,87.1,18459,4685,569,629,90.5,437,495,88.3,87,111,78.4,4,2.3,+1.7,23,101,30,0,117,Matches
Thomas Müller,de GER,MF,Bayern Munich,Bundesliga,31,1989,28.4,1131,1511,74.9,18045,4736,606,723,83.8,396,525,75.4,86,165,52.1,18,11.3,+6.7,72,75,66,23,140,Matches
Michail Antonio,jm JAM,FW,West Ham,Premier League,31,1990,33,466,708,65.8,7552,1461,256,333,76.9,145,213,68.1,45,84,53.6,8,6.6,+1.4,46,26,32,13,43,Matches
Fidel,es ESP,"MF,FW",Elche,La Liga,31,1989,25.1,813,1095,74.2,13673,5337,440,513,85.8,258,327,78.9,96,197,48.7,6,5.1,+0.9,40,85,21,9,112,Matches
Joselu,es ESP,FW,Alavés,La Liga,31,1990,34.7,687,1122,61.2,10410,2417,411,568,72.4,214,374,57.2,43,102,42.2,4,4,0,30,67,18,4,80,Matches
Jason Berthomier,fr FRA,MF,Clermont Foot,Ligue 1,31,1990,19.2,1140,1396,81.7,20187,5416,578,630,91.7,409,471,86.8,139,253,54.9,5,3.9,+1.1,46,98,22,8,101,Matches
Jonas Hector,de GER,DF,Köln,Bundesliga,31,1990,28.4,1246,1644,75.8,26021,9929,428,500,85.6,568,686,82.8,236,393,60.1,6,3.9,+2.1,37,73,30,16,117,Matches
Ryad Boudebouz,dz ALG,"MF,FW",Saint-Étienne,Ligue 1,31,1990,25,1222,1553,78.7,23834,5792,499,573,87.1,475,571,83.2,214,333,64.3,4,3.8,+0.2,50,110,30,4,124,Matches
Jordan Henderson,eng ENG,MF,Liverpool,Premier League,31,1990,28.9,1846,2202,83.8,35046,8229,760,839,90.6,811,930,87.2,243,348,69.8,5,3.8,+1.2,38,187,53,13,176,Matches
Josan,es ESP,"DF,MF",Elche,La Liga,31,1989,13.5,380,539,70.5,6616,2433,174,214,81.3,166,216,76.9,34,75,45.3,3,3.6,-0.6,21,12,22,12,35,Matches
Ashley Westwood,eng ENG,MF,Burnley,Premier League,31,1990,25.4,859,1226,70.1,17879,6040,326,372,87.6,346,446,77.6,172,366,47,3,3.6,-0.6,31,106,32,3,107,Matches
Toni Kroos,de GER,MF,Real Madrid,La Liga,31,1990,23.4,2076,2258,91.9,43854,12542,820,841,97.5,790,824,95.9,435,548,79.4,3,3.5,-0.5,50,269,41,5,208,Matches
Aaron Cresswell,eng ENG,DF,West Ham,Premier League,31,1989,30.3,1641,2047,80.2,29789,12432,733,791,92.7,711,807,88.1,179,382,46.9,3,3.2,-0.2,35,127,24,8,155,Matches
Milan Đurić,ba BIH,FW,Salernitana,Serie A,31,1990,24.1,427,682,62.6,5353,975,289,460,62.8,106,168,63.1,9,14,64.3,4,3.1,+0.9,32,18,4,0,30,Matches
Ciro Immobile,it ITA,FW,Lazio,Serie A,31,1990,30.1,694,886,78.3,10054,1197,423,501,84.4,179,230,77.8,55,74,74.3,2,3,-1,26,29,17,2,34,Matches
Teemu Pukki,fi FIN,FW,Norwich City,Premier League,31,1990,36.1,392,526,74.5,6053,849,222,276,80.4,130,167,77.8,28,40,70,3,2.8,+0.2,25,16,6,1,24,Matches
Moussa Sissoko,fr FRA,MF,Watford,Premier League,31,1989,35.8,945,1185,79.7,16885,4964,462,533,86.7,353,441,80,113,158,71.5,1,2.8,-1.8,33,90,23,11,112,Matches
Giacomo Bonaventura,it ITA,MF,Fiorentina,Serie A,31,1989,25.2,1011,1214,83.3,18897,3707,440,489,90,421,496,84.9,132,191,69.1,4,2.5,+1.5,31,76,20,0,90,Matches
Stevan Jovetić,me MNE,FW,Hertha BSC,Bundesliga,31,1989,11.3,264,377,70,4126,1338,160,196,81.6,72,107,67.3,24,43,55.8,1,2.3,-1.3,17,29,18,3,39,Matches
Ivan Perišić,hr CRO,DF,Inter,Serie A,32,1989,31.3,1122,1535,73.1,21392,7829,503,601,83.7,441,578,76.3,158,272,58.1,6,8,-2,60,64,61,29,128,Matches
Marco Reus,de GER,"MF,FW",Dortmund,Bundesliga,32,1989,27.8,1026,1268,80.9,15687,3899,602,683,88.1,303,374,81,82,123,66.7,13,7.8,+5.2,54,86,38,2,112,Matches
Daniel Parejo,es ESP,MF,Villarreal,La Liga,32,1989,30,1808,2151,84.1,37979,11995,633,690,91.7,814,895,90.9,331,498,66.5,10,6.6,+3.4,69,222,43,9,216,Matches
Jordi Alba,es ESP,DF,Barcelona,La Liga,32,1989,29.4,2336,2770,84.3,40855,15180,1085,1178,92.1,1002,1152,87,222,351,63.2,10,5.9,+4.1,58,231,64,18,254,Matches
Robert Lewandowski,pl POL,FW,Bayern Munich,Bundesliga,32,1988,32.7,589,769,76.6,8368,1671,373,454,82.2,160,205,78,31,53,58.5,3,5.7,-2.7,40,42,31,3,56,Matches
Henrikh Mkhitaryan,am ARM,"MF,FW",Roma,Serie A,32,1989,27.7,969,1172,82.7,17392,4126,449,512,87.7,382,448,85.3,121,153,79.1,6,4.6,+1.4,38,84,42,6,112,Matches
Marko Arnautović,at AUT,FW,Bologna,Serie A,32,1989,29.9,683,927,73.7,9972,1619,387,504,76.8,230,295,78,35,54,64.8,1,4.4,-3.4,44,27,22,2,52,Matches
Lars Stindl,de GER,"MF,FW",M'Gladbach,Bundesliga,32,1988,18.1,672,816,82.4,11075,2342,357,402,88.8,225,268,84,69,102,67.6,5,3.4,+1.6,27,55,25,3,59,Matches
Lucas Pérez,es ESP,"FW,MF",Cádiz,La Liga,32,1988,11.8,276,378,73,5069,1374,135,155,87.1,89,117,76.1,46,93,49.5,2,2.4,-0.4,25,17,17,6,23,Matches
Milan Badelj,hr CRO,MF,Genoa,Serie A,32,1989,31.6,1262,1601,78.8,24623,7800,480,563,85.3,590,698,84.5,170,280,60.7,0,2.3,-2.3,27,138,19,2,161,Matches
Thiago Galhardo,br BRA,"FW,MF",Celta Vigo,La Liga,32,1989,12.8,190,279,68.1,2536,830,127,151,84.1,43,79,54.4,10,20,50,2,2.3,-0.3,12,13,11,1,27,Matches
Karim Benzema,fr FRA,FW,Real Madrid,La Liga,33,1987,28.8,1058,1249,84.7,15601,3568,630,709,88.9,306,355,86.2,74,95,77.9,12,9.5,+2.5,61,66,84,4,137,Matches
Ángel Di María,ar ARG,FW,Paris S-G,Ligue 1,33,1988,18.3,895,1179,75.9,15850,4357,462,538,85.9,304,385,79,116,208,55.8,7,6.9,+0.1,55,59,48,10,106,Matches
Iago Aspas,es ESP,FW,Celta Vigo,La Liga,33,1987,34.3,976,1357,71.9,15428,2883,558,679,82.2,274,383,71.5,95,180,52.8,5,6.2,-1.2,60,42,42,10,76,Matches
Juan Cuadrado,co COL,"DF,MF",Juventus,Serie A,33,1988,27.6,1589,1868,85.1,32670,10204,600,655,91.6,711,793,89.7,266,385,69.1,3,5,-2,59,108,44,16,168,Matches
Óscar Trejo,ar ARG,MF,Rayo Vallecano,La Liga,33,1988,22.3,793,1032,76.8,13915,4235,399,459,86.9,278,335,83,97,192,50.5,9,4.3,+4.7,55,89,27,4,107,Matches
Dimitri Liénard,fr FRA,"DF,MF",Strasbourg,Ligue 1,33,1988,22.7,1053,1438,73.2,21802,7108,409,460,88.9,456,546,83.5,174,382,45.5,3,3.6,-0.6,42,83,41,26,109,Matches
Josip Iličić,si SVN,"FW,MF",Atalanta,Serie A,33,1988,9.3,370,496,74.6,7431,2307,167,211,79.1,137,176,77.8,62,95,65.3,3,3.5,-0.5,33,40,25,3,56,Matches
Francesco Caputo,it ITA,FW,Sampdoria,Serie A,33,1987,31,456,606,75.2,6648,836,263,335,78.5,146,184,79.3,27,44,61.4,3,3.4,-0.4,39,21,16,2,30,Matches
Max Kruse,de GER,"FW,MF",Union Berlin,Bundesliga,33,1988,14.1,350,481,72.8,7107,2028,146,179,81.6,141,177,79.7,61,110,55.5,4,3.4,+0.6,24,36,25,8,51,Matches
Dani Rodríguez,es ESP,"MF,FW",Mallorca,La Liga,33,1988,31.5,741,975,76,12195,3645,392,460,85.2,236,291,81.1,77,142,54.2,3,3,0,42,60,23,1,71,Matches
Damián Suárez,uy URU,DF,Getafe,La Liga,33,1988,30.1,1010,1466,68.9,20311,10206,427,493,86.6,423,562,75.3,146,346,42.2,3,2.9,+0.1,45,100,41,24,135,Matches
Ivan Rakitić,hr CRO,MF,Sevilla,La Liga,33,1988,24.2,1396,1652,84.5,28945,7045,530,575,92.2,602,668,90.1,242,347,69.7,6,2.8,+3.2,40,140,16,3,107,Matches
Daniel Caligiuri,it ITA,"DF,MF",Augsburg,Bundesliga,33,1988,22.3,641,928,69.1,11818,5475,311,376,82.7,228,310,73.5,91,199,45.7,2,2.5,-0.5,24,62,24,4,79,Matches
Jaume Costa,es ESP,DF,Mallorca,La Liga,33,1988,20.3,734,1001,73.3,12777,5490,350,404,86.6,308,403,76.4,67,157,42.7,4,2.4,+1.6,22,38,29,13,78,Matches
Dimitri Payet,fr FRA,"FW,MF",Marseille,Ligue 1,34,1987,28.8,1261,1680,75.1,24369,7196,577,659,87.6,456,571,79.9,207,395,52.4,10,10.5,-0.5,101,122,70,15,170,Matches
Lionel Messi,ar ARG,"FW,MF",Paris S-G,Ligue 1,34,1987,23.9,1413,1665,84.9,24179,7646,739,826,89.5,482,543,88.8,161,219,73.5,14,8,+6.0,63,193,90,5,243,Matches
José Luis Morales,es ESP,"FW,MF",Levante,La Liga,34,1987,30.2,518,780,66.4,9246,3024,251,313,80.2,182,259,70.3,67,139,48.2,7,6.9,+0.1,40,47,32,12,69,Matches
Antonio Candreva,it ITA,"MF,FW",Sampdoria,Serie A,34,1987,34.7,1293,1935,66.8,26052,9509,578,689,83.9,416,590,70.5,265,554,47.8,10,6.7,+3.3,76,128,72,25,180,Matches
Pedro,es ESP,FW,Lazio,Serie A,34,1987,22.6,787,937,84,12327,2992,438,492,89,260,303,85.8,62,92,67.4,4,3.3,+0.7,30,37,37,8,86,Matches
José Callejón,es ESP,FW,Fiorentina,Serie A,34,1987,14.4,486,619,78.5,8753,2262,236,273,86.4,188,228,82.5,57,101,56.4,2,3,-1,22,27,22,7,45,Matches
Dries Mertens,be BEL,"FW,MF",Napoli,Serie A,34,1987,15.4,414,553,74.9,6976,1663,217,264,82.2,143,178,80.3,43,80,53.8,1,2.4,-1.4,32,38,18,3,52,Matches
João Moutinho,pt POR,MF,Wolves,Premier League,34,1986,33,1671,1983,84.3,34677,7380,568,642,88.5,764,847,90.2,312,436,71.6,1,2.4,-1.4,38,148,20,3,138,Matches
Kévin Gameiro,fr FRA,FW,Strasbourg,Ligue 1,34,1987,26.5,639,800,79.9,8734,1258,413,481,85.9,177,215,82.3,21,43,48.8,3,2.3,+0.7,26,17,25,3,45,Matches
Arturo Vidal,cl CHI,MF,Inter,Serie A,34,1987,8.2,513,583,88,8735,2266,272,293,92.8,163,182,89.6,62,87,71.3,1,2.3,-1.3,14,43,16,2,51,Matches
Edin Džeko,ba BIH,FW,Inter,Serie A,35,1986,27.4,577,814,70.9,10233,2485,284,379,74.9,193,252,76.6,76,112,67.9,6,4.5,+1.5,38,47,39,8,83,Matches
David Silva,es ESP,MF,Real Sociedad,La Liga,35,1986,19.1,913,1043,87.5,15627,3568,444,492,90.2,352,391,90,90,113,79.6,4,4.4,-0.4,40,74,43,5,97,Matches
Jesús Navas,es ESP,DF,Sevilla,La Liga,35,1985,19.8,1102,1418,77.7,21171,7185,481,541,88.9,436,528,82.6,166,293,56.7,3,4.3,-1.3,36,57,54,21,107,Matches
Luka Modrić,hr CRO,MF,Real Madrid,La Liga,35,1985,22.6,1527,1734,88.1,28816,8248,698,741,94.2,555,613,90.5,234,297,78.8,8,4.2,+3.8,38,174,38,4,163,Matches
Raúl García,es ESP,FW,Athletic Club,La Liga,35,1986,20,373,594,62.8,6432,2190,181,252,71.8,138,218,63.3,37,84,44,2,2.7,-0.7,16,50,20,3,64,Matches
Burak Yılmaz,tr TUR,FW,Lille,Ligue 1,36,1985,24.6,409,567,72.1,6400,896,232,296,78.4,135,186,72.6,31,51,60.8,3,3.6,-0.6,25,17,18,7,22,Matches
Cristiano Ronaldo,pt POR,FW,Manchester Utd,Premier League,36,1985,27.3,718,888,80.9,9995,1448,443,514,86.2,217,265,81.9,28,41,68.3,3,3.1,-0.1,24,37,16,0,49,Matches
Salva Sevilla,es ESP,MF,Mallorca,La Liga,37,1984,16.7,798,988,80.8,15605,5234,342,386,88.6,304,345,88.1,140,228,61.4,3,2.8,+0.2,26,86,24,0,103,Matches
Franck Ribéry,fr FRA,"MF,FW",Salernitana,Serie A,38,1983,15.8,517,665,77.7,8939,2251,244,279,87.5,195,229,85.2,55,94,58.5,2,2.9,-0.9,33,45,23,2,61,Matches
Jorge Molina,es ESP,FW,Granada,La Liga,39,1982,21.8,344,532,64.7,5094,1358,203,284,71.5,110,169,65.1,21,40,52.5,5,3.1,+1.9,28,33,10,1,45,Matches